"Zaman damgası","Yaşınız","Cinsiyetiniz","Günde kaç saat müzik dinlersiniz?","Dinlemeyi tercih ettiğiniz müzik türlerini işaretler misiniz?","Beste yapmak veya enstrüman çalmak vb. şekillerde müzikle ilgileniyor musunuz?","Güncel şarkıları takip ediyor musunuz?","Düzenli olarak anlamadığınız/az anladığınız dillerde şarkılar dinliyor musunuz?","Mutsuz bir ruh halindeyken en çok hangi müzik türlerini dinlersiniz?","Mutlu bir ruh halindeyken en çok hangi müzik türünü dinlemeyi tercih edersiniz?","Endişeli bir ruh halindeyken en çok hangi müzik türünü dinlemeyi tercih edersiniz?","Pop müzik türünü ne sıklıkla dinlersiniz?","Hip-hop müzik türünü ne sıklıkla dinlersiniz?","Klasik müzik türünü ne sıklıkla dinlersiniz?","Rock müzik türünü ne sıklıkla dinlersiniz?","Cazz müzik türünü ne sıklıkla dinlersiniz?","Blues müzik türünü ne sıklıkla dinlersiniz?","Elektronik müzik türünü ne sıklıkla dinlersiniz?","Halk müziği türünü ne sıklıkla dinlersiniz?","Hangi desibelde müzik dinlemekten hoşlanırsınız?","Sizce dinlediğiniz müzik türünün ruh haline etkisi var mı?","Anksiyete derecenizi 0 en az 5 en fazla olacak şekilde 0 ile 5 arasında değerlendiriniz.","Uykusuzluk (Insomnia) derecenizi 0 en az 5 en fazla olacak şekilde 0 ile 5 arasında değerlendiriniz.","Depresyon derecenizi 0 en az 5 en fazla olacak şekilde 0 ile 5 arasında değerlendiriniz.","Günlük hayatınızda tekrar eden düşünceleri ve bu düşüncelerin sizi rahatsız etmesini(OKB) 0 en az 5 en fazla olacak şekilde 0 ile 5 arasında değerlendiriniz."
"2023/11/17 12:38:43 ÖÖ GMT+3","18-24","Kadın","2-4","Pop;Hip-hop;Klasik","Hayır","Evet","Evet","Halk müziği","Pop","Hip-hop","Sıklıkla","Orta","Nadiren","Nadiren","Nadiren","Nadiren","Nadiren","Orta","Orta","Evet","0","3","1","2"
"2023/11/17 12:42:23 ÖÖ GMT+3","18-24","Kadın","2-4","Pop;Hip-hop;Halk müziği","Hayır","Evet","Evet","Pop","Pop","Hip-hop","Sıklıkla","Orta","Orta","Nadiren","Nadiren","Nadiren","Nadiren","Orta","Orta","Evet","1","2","0","1"
"2023/11/17 1:01:33 ÖÖ GMT+3","35-50","Erkek","0-1","Halk müziği","Evet","Hayır","Kısmen","Halk müziği","Pop","Halk müziği","Nadiren","Nadiren","Nadiren","Nadiren","Nadiren","Nadiren","Nadiren","Sıklıkla","Orta","Hayır","3","3","3","4"
"2023/11/17 1:05:40 ÖÖ GMT+3","35-50","Kadın","2-4","Pop","Hayır","Evet","Evet","Pop","Pop","Rock","Sıklıkla","Orta","Nadiren","Orta","Nadiren","Nadiren","Orta","Nadiren","Orta","Evet","2","3","1","1"
"2023/11/17 1:11:23 ÖÖ GMT+3","18 altı","Kadın","2-4","Pop;Rock;Elektronik","Evet","Hayır","Evet","Elektronik","Rock","Rock","Orta","Nadiren","Nadiren","Sıklıkla","Nadiren","Nadiren","Nadiren","Nadiren","Yüksek","Hayır","2","4","2","1"
"2023/11/17 1:12:06 ÖÖ GMT+3","18-24","Erkek","0-1","Pop;Hip-hop","Hayır","Hayır","Kısmen","Hip-hop","Hip-hop","Hip-hop","Nadiren","Sıklıkla","Nadiren","Nadiren","Nadiren","Nadiren","Nadiren","Nadiren","Yüksek","Evet","0","0","0","1"
"2023/11/17 1:13:02 ÖÖ GMT+3","18-24","Belirtmek istemiyorum","0-1","Pop;Hip-hop","Hayır","Evet","Kısmen","Hip-hop","Pop","Elektronik","Orta","Sıklıkla","Nadiren","Nadiren","Nadiren","Nadiren","Nadiren","Nadiren","Orta","Evet","2","3","2","3"
"2023/11/17 1:48:33 ÖÖ GMT+3","18 altı","Belirtmek istemiyorum","2-4","Pop;Hip-hop;Klasik;Rock","Hayır","Evet","Evet","Klasik","Pop","Hip-hop","Sıklıkla","Sıklıkla","Orta","Orta","Nadiren","Nadiren","Nadiren","Nadiren","Yüksek","Evet","1","1","4","4"
"2023/11/17 1:54:09 ÖÖ GMT+3","18-24","Kadın","0-1","Pop;Rock","Evet","Evet","Evet","Klasik","Pop","Rock","Sıklıkla","Orta","Nadiren","Sıklıkla","Nadiren","Nadiren","Nadiren","Nadiren","Orta","Evet","5","3","5","5"
"2023/11/17 1:59:15 ÖÖ GMT+3","18-24","Erkek","6 ve üstü","Pop;Hip-hop;Klasik;Rock;Cazz;Blues;Elektronik","Hayır","Evet","Evet","Klasik","Rock","Klasik","Sıklıkla","Sıklıkla","Sıklıkla","Sıklıkla","Orta","Orta","Nadiren","Nadiren","Yüksek","Evet","2","0","2","5"
"2023/11/17 9:36:02 ÖÖ GMT+3","18 altı","Kadın","4-6","Pop;Hip-hop;Klasik;Rock;Blues;Elektronik;Halk müziği","Evet","Evet","Kısmen","Klasik","Pop","Blues","Orta","Orta","Orta","Sıklıkla","Sıklıkla","Sıklıkla","Sıklıkla","Orta","Orta","Evet","2","3","3","4"
"2023/11/17 9:59:46 ÖÖ GMT+3","18-24","Kadın","2-4","Pop;Rock","Evet","Hayır","Hayır","Rock","Pop","Rock","Sıklıkla","Nadiren","Nadiren","Sıklıkla","Nadiren","Nadiren","Orta","Orta","Orta","Evet","3","0","0","1"
"2023/11/17 11:02:24 ÖÖ GMT+3","18-24","Kadın","6 ve üstü","Pop;Hip-hop;Rock","Hayır","Evet","Kısmen","Rock","Rock","Rock","Orta","Nadiren","Nadiren","Sıklıkla","Nadiren","Nadiren","Nadiren","Nadiren","Yüksek","Evet","4","4","3","4"
"2023/11/17 11:05:06 ÖÖ GMT+3","18-24","Kadın","6 ve üstü","Pop;Klasik;Rock;Cazz","Hayır","Evet","Kısmen","Klasik","Rock","Hip-hop","Sıklıkla","Orta","Sıklıkla","Sıklıkla","Sıklıkla","Orta","Orta","Nadiren","Orta","Evet","3","4","1","2"
"2023/11/17 11:21:11 ÖÖ GMT+3","18 altı","Kadın","4-6","Pop;Hip-hop;Klasik;Rock;Elektronik","Evet","Evet","Evet","Halk müziği","Rock","Rock","Orta","Orta","Nadiren","Sıklıkla","Orta","Nadiren","Orta","Orta","Yüksek","Evet","4","4","4","5"
"2023/11/17 11:22:35 ÖÖ GMT+3","18 altı","Kadın","0-1","Hip-hop;Klasik;Cazz","Hayır","Evet","Evet","Klasik","Hip-hop","Pop","Orta","Sıklıkla","Sıklıkla","Nadiren","Orta","Nadiren","Nadiren","Orta","Orta","Evet","2","1","1","2"
"2023/11/17 11:23:12 ÖÖ GMT+3","18-24","Erkek","0-1","Pop;Hip-hop","Hayır","Hayır","Kısmen","Pop","Pop","Pop","Sıklıkla","Orta","Orta","Nadiren","Nadiren","Nadiren","Nadiren","Orta","Orta","Evet","0","1","1","1"
"2023/11/17 11:24:56 ÖÖ GMT+3","18-24","Erkek","6 ve üstü","Pop;Hip-hop;Klasik;Rock;Elektronik","Evet","Evet","Evet","Klasik","Hip-hop","Rock","Nadiren","Sıklıkla","Sıklıkla","Sıklıkla","Nadiren","Orta","Orta","Nadiren","Yüksek","Evet","5","4","5","3"
"2023/11/17 11:25:29 ÖÖ GMT+3","18-24","Kadın","2-4","Pop;Hip-hop;Rock;Halk müziği","Evet","Hayır","Evet","Klasik","Pop","Hip-hop","Sıklıkla","Sıklıkla","Orta","Orta","Nadiren","Nadiren","Nadiren","Orta","Orta","Evet","3","3","5","3"
"2023/11/17 11:25:51 ÖÖ GMT+3","18-24","Erkek","6 ve üstü","Pop;Klasik;Rock;Cazz;Blues","Evet","Evet","Evet","Cazz","Pop","Blues","Orta","Nadiren","Orta","Orta","Orta","Orta","Orta","Nadiren","Yüksek","Evet","0","4","2","3"
"2023/11/17 11:29:55 ÖÖ GMT+3","18 altı","Kadın","0-1","Pop;Hip-hop;Klasik;Rock","Hayır","Evet","Kısmen","Pop","Pop","Klasik","Sıklıkla","Sıklıkla","Orta","Sıklıkla","Nadiren","Nadiren","Orta","Orta","Orta","Evet","3","2","2","3"
"2023/11/17 12:09:04 ÖS GMT+3","25-34","Kadın","0-1","Pop","Hayır","Hayır","Kısmen","Pop","Pop","Halk müziği","Sıklıkla","Nadiren","Nadiren","Nadiren","Nadiren","Nadiren","Nadiren","Orta","Orta","Evet","2","1","4","4"
"2023/11/17 1:25:22 ÖS GMT+3","25-34","Erkek","2-4","Hip-hop;Rock;Elektronik","Evet","Evet","Evet","Blues","Elektronik","Rock","Nadiren","Sıklıkla","Nadiren","Orta","Nadiren","Nadiren","Sıklıkla","Nadiren","Yüksek","Evet","4","3","4","4"
"2023/11/17 1:26:41 ÖS GMT+3","18-24","Kadın","2-4","Pop;Klasik;Rock","Hayır","Hayır","Kısmen","Klasik","Pop","Rock","Sıklıkla","Orta","Orta","Orta","Orta","Nadiren","Nadiren","Nadiren","Orta","Evet","2","4","0","3"
"2023/11/17 1:27:14 ÖS GMT+3","18-24","Erkek","2-4","Pop;Hip-hop","Hayır","Evet","Evet","Hip-hop","Hip-hop","Hip-hop","Nadiren","Sıklıkla","Nadiren","Orta","Nadiren","Nadiren","Nadiren","Nadiren","Yüksek","Evet","3","3","4","3"
"2023/11/17 1:27:45 ÖS GMT+3","25-34","Kadın","0-1","Pop","Evet","Evet","Evet","Klasik","Pop","Cazz","Sıklıkla","Orta","Orta","Orta","Orta","Orta","Nadiren","Nadiren","Yüksek","Evet","4","5","4","5"
"2023/11/17 1:28:33 ÖS GMT+3","25-34","Kadın","2-4","Pop;Klasik;Rock;Cazz;Blues","Evet","Hayır","Evet","Klasik","Cazz","Klasik","Orta","Nadiren","Nadiren","Sıklıkla","Orta","Nadiren","Nadiren","Nadiren","Orta","Evet","4","1","2","1"
"2023/11/17 1:29:05 ÖS GMT+3","18-24","Erkek","6 ve üstü","Hip-hop","Hayır","Hayır","Kısmen","Hip-hop","Hip-hop","Hip-hop","Nadiren","Sıklıkla","Nadiren","Nadiren","Nadiren","Nadiren","Nadiren","Nadiren","Yüksek","Evet","3","1","1","3"
"2023/11/17 1:29:23 ÖS GMT+3","18-24","Kadın","6 ve üstü","Pop;Hip-hop;Rock;Elektronik","Evet","Evet","Evet","Rock","Rock","Rock","Orta","Orta","Nadiren","Sıklıkla","Nadiren","Orta","Sıklıkla","Nadiren","Yüksek","Evet","1","0","1","1"
"2023/11/17 1:30:17 ÖS GMT+3","25-34","Erkek","2-4","Hip-hop;Rock","Hayır","Evet","Kısmen","Rock","Pop","Rock","Orta","Orta","Nadiren","Sıklıkla","Nadiren","Nadiren","Nadiren","Nadiren","Yüksek","Evet","0","2","2","1"
"2023/11/17 1:31:24 ÖS GMT+3","18-24","Kadın","0-1","Pop;Hip-hop;Klasik;Rock;Halk müziği","Hayır","Evet","Kısmen","Halk müziği","Pop","Rock","Orta","Orta","Orta","Orta","Nadiren","Nadiren","Nadiren","Sıklıkla","Orta","Evet","4","1","2","1"
"2023/11/17 1:31:39 ÖS GMT+3","18-24","Kadın","2-4","Pop;Hip-hop","Hayır","Evet","Kısmen","Klasik","Pop","Pop","Sıklıkla","Nadiren","Nadiren","Nadiren","Nadiren","Nadiren","Nadiren","Nadiren","Yüksek","Evet","3","4","3","4"
"2023/11/17 1:53:02 ÖS GMT+3","18-24","Kadın","0-1","Pop;Rock","Hayır","Evet","Hayır","Pop","Pop","Rock","Sıklıkla","Orta","Nadiren","Orta","Nadiren","Nadiren","Nadiren","Nadiren","Orta","Evet","4","3","2","5"
"2023/11/17 1:53:40 ÖS GMT+3","25-34","Kadın","0-1","Pop;Rock","Hayır","Hayır","Hayır","Rock","Pop","Rock","Sıklıkla","Nadiren","Nadiren","Sıklıkla","Nadiren","Nadiren","Nadiren","Orta","Yüksek","Evet","4","1","5","4"
"2023/11/17 1:59:00 ÖS GMT+3","25-34","Kadın","0-1","Pop;Klasik;Rock","Evet","Evet","Kısmen","Halk müziği","Pop","Klasik","Sıklıkla","Orta","Sıklıkla","Nadiren","Nadiren","Nadiren","Nadiren","Nadiren","Yüksek","Evet","2","2","3","2"
"2023/11/17 2:00:43 ÖS GMT+3","18-24","Kadın","2-4","Pop;Hip-hop;Rock","Hayır","Evet","Evet","Pop","Pop","Pop","Sıklıkla","Orta","Nadiren","Orta","Nadiren","Nadiren","Nadiren","Nadiren","Orta","Evet","2","1","4","5"
"2023/11/17 2:05:12 ÖS GMT+3","25-34","Kadın","2-4","Pop;Hip-hop","Hayır","Evet","Kısmen","Hip-hop","Pop","Pop","Sıklıkla","Sıklıkla","Nadiren","Orta","Nadiren","Nadiren","Nadiren","Nadiren","Orta","Evet","2","2","2","2"
"2023/11/17 2:09:26 ÖS GMT+3","35-50","Erkek","0-1","Pop;Halk müziği","Hayır","Hayır","Hayır","Halk müziği","Pop","Halk müziği","Orta","Nadiren","Nadiren","Nadiren","Nadiren","Nadiren","Nadiren","Orta","Orta","Evet","2","3","2","2"
"2023/11/17 2:32:13 ÖS GMT+3","18-24","Kadın","0-1","Pop;Klasik","Evet","Evet","Evet","Halk müziği","Pop","Rock","Sıklıkla","Orta","Sıklıkla","Orta","Orta","Nadiren","Nadiren","Sıklıkla","Yüksek","Evet","1","0","0","0"
"2023/11/17 5:57:57 ÖS GMT+3","18-24","Kadın","0-1","Pop;Hip-hop","Evet","Hayır","Kısmen","Pop","Pop","Pop","Sıklıkla","Orta","Orta","Nadiren","Nadiren","Nadiren","Nadiren","Nadiren","Orta","Evet","4","3","4","5"
"2023/11/17 5:59:46 ÖS GMT+3","18-24","Erkek","0-1","Pop;Hip-hop;Rock","Hayır","Hayır","Evet","Rock","Pop","Rock","Orta","Orta","Nadiren","Sıklıkla","Orta","Nadiren","Nadiren","Nadiren","Orta","Evet","4","1","3","3"
"2023/11/17 6:14:35 ÖS GMT+3","18-24","Kadın","0-1","Pop","Hayır","Evet","Evet","Hip-hop","Pop","Klasik","Orta","Sıklıkla","Orta","Nadiren","Nadiren","Nadiren","Nadiren","Nadiren","Yüksek","Evet","2","1","0","3"
"2023/11/17 6:17:02 ÖS GMT+3","18-24","Kadın","2-4","Klasik;Rock;Cazz","Hayır","Evet","Evet","Rock","Pop","Cazz","Sıklıkla","Orta","Nadiren","Sıklıkla","Orta","Orta","Nadiren","Nadiren","Orta","Evet","4","1","3","4"
"2023/11/17 6:21:35 ÖS GMT+3","18-24","Erkek","4-6","Rock","Hayır","Hayır","Kısmen","Rock","Rock","Rock","Nadiren","Nadiren","Orta","Sıklıkla","Orta","Nadiren","Orta","Nadiren","Orta","Evet","3","2","4","2"
"2023/11/17 6:22:49 ÖS GMT+3","25-34","Kadın","2-4","Pop;Klasik;Rock;Elektronik","Evet","Evet","Evet","Rock","Pop","Elektronik","Orta","Nadiren","Orta","Sıklıkla","Nadiren","Nadiren","Orta","Nadiren","Orta","Evet","5","1","4","5"
"2023/11/17 6:24:24 ÖS GMT+3","25-34","Erkek","0-1","Hip-hop;Rock;Elektronik","Hayır","Evet","Evet","Rock","Rock","Rock","Orta","Sıklıkla","Orta","Sıklıkla","Nadiren","Nadiren","Orta","Nadiren","Orta","Evet","3","3","3","3"
"2023/11/17 6:24:33 ÖS GMT+3","18-24","Erkek","0-1","Pop;Hip-hop;Klasik;Rock;Elektronik;Halk müziği","Hayır","Hayır","Hayır","Pop","Hip-hop","Elektronik","Sıklıkla","Sıklıkla","Orta","Sıklıkla","Nadiren","Nadiren","Orta","Sıklıkla","Yüksek","Evet","3","0","2","1"
"2023/11/17 6:25:11 ÖS GMT+3","18-24","Erkek","4-6","Klasik;Rock;Cazz;Blues;Halk müziği","Hayır","Evet","Evet","Klasik","Klasik","Rock","Nadiren","Orta","Sıklıkla","Sıklıkla","Orta","Orta","Orta","Sıklıkla","Orta","Evet","0","0","0","1"
"2023/11/17 6:25:24 ÖS GMT+3","18-24","Erkek","2-4","Pop;Rock;Halk müziği","Hayır","Hayır","Evet","Rock","Pop","Rock","Nadiren","Orta","Nadiren","Sıklıkla","Nadiren","Nadiren","Nadiren","Sıklıkla","Orta","Evet","2","2","5","2"
"2023/11/17 6:27:33 ÖS GMT+3","18-24","Kadın","2-4","Hip-hop;Rock;Halk müziği","Evet","Evet","Kısmen","Halk müziği","Rock","Halk müziği","Nadiren","Sıklıkla","Orta","Orta","Nadiren","Nadiren","Orta","Sıklıkla","Yüksek","Evet","1","4","4","4"
"2023/11/17 6:27:50 ÖS GMT+3","18-24","Erkek","0-1","Pop","Hayır","Evet","Evet","Pop","Pop","Klasik","Sıklıkla","Nadiren","Nadiren","Nadiren","Nadiren","Nadiren","Nadiren","Nadiren","Orta","Evet","3","3","4","4"
"2023/11/17 6:29:30 ÖS GMT+3","18-24","Kadın","4-6","Pop;Hip-hop;Klasik;Rock;Cazz;Blues;Elektronik;Halk müziği","Hayır","Evet","Kısmen","Klasik","Pop","Klasik","Orta","Nadiren","Sıklıkla","Nadiren","Nadiren","Nadiren","Nadiren","Orta","Orta","Evet","5","5","5","5"
"2023/11/17 6:32:13 ÖS GMT+3","18-24","Erkek","2-4","Pop;Hip-hop;Rock","Hayır","Evet","Evet","Klasik","Pop","Pop","Sıklıkla","Orta","Orta","Sıklıkla","Orta","Nadiren","Nadiren","Nadiren","Orta","Evet","4","2","4","3"
"2023/11/17 6:37:22 ÖS GMT+3","25-34","Kadın","0-1","Klasik;Rock","Evet","Evet","Evet","Rock","Rock","Rock","Orta","Nadiren","Sıklıkla","Sıklıkla","Orta","Orta","Nadiren","Orta","Orta","Evet","4","4","1","3"
"2023/11/17 6:37:32 ÖS GMT+3","18-24","Kadın","2-4","Pop","Hayır","Evet","Kısmen","Pop","Pop","Klasik","Sıklıkla","Orta","Orta","Orta","Nadiren","Nadiren","Orta","Nadiren","Yüksek","Evet","5","2","5","4"
"2023/11/17 6:38:41 ÖS GMT+3","18-24","Erkek","6 ve üstü","Elektronik","Evet","Evet","Evet","Elektronik","Elektronik","Elektronik","Nadiren","Nadiren","Nadiren","Orta","Nadiren","Nadiren","Sıklıkla","Nadiren","Yüksek","Evet","3","4","5","5"
"2023/11/17 6:39:19 ÖS GMT+3","25-34","Kadın","6 ve üstü","Halk müziği","Hayır","Hayır","Kısmen","Halk müziği","Halk müziği","Halk müziği","Nadiren","Orta","Nadiren","Nadiren","Nadiren","Nadiren","Nadiren","Sıklıkla","Yüksek","Evet","3","4","4","3"
"2023/11/17 6:40:17 ÖS GMT+3","25-34","Erkek","0-1","Pop;Hip-hop;Rock","Hayır","Hayır","Hayır","Pop","Pop","Pop","Sıklıkla","Orta","Nadiren","Orta","Nadiren","Nadiren","Nadiren","Nadiren","Orta","Evet","3","2","2","1"
"2023/11/17 6:40:17 ÖS GMT+3","18 altı","Kadın","2-4","Hip-hop;Rock","Hayır","Evet","Hayır","Rock","Hip-hop","Pop","Orta","Sıklıkla","Nadiren","Sıklıkla","Nadiren","Nadiren","Nadiren","Orta","Yüksek","Evet","2","1","2","1"
"2023/11/17 6:40:24 ÖS GMT+3","18-24","Kadın","2-4","Pop;Hip-hop;Rock","Evet","Evet","Evet","Rock","Pop","Rock","Sıklıkla","Sıklıkla","Orta","Sıklıkla","Nadiren","Nadiren","Nadiren","Nadiren","Orta","Evet","3","2","3","4"
"2023/11/17 6:40:50 ÖS GMT+3","18 altı","Kadın","0-1","Pop","Hayır","Evet","Evet","Pop","Pop","Pop","Sıklıkla","Nadiren","Nadiren","Nadiren","Nadiren","Nadiren","Nadiren","Nadiren","Orta","Evet","1","2","3","3"
"2023/11/17 6:41:03 ÖS GMT+3","18-24","Kadın","2-4","Pop;Hip-hop;Rock;Blues","Hayır","Evet","Hayır","Rock","Hip-hop","Klasik","Orta","Orta","Nadiren","Sıklıkla","Orta","Nadiren","Nadiren","Nadiren","Düşük","Evet","4","1","3","1"
"2023/11/17 6:41:22 ÖS GMT+3","18 altı","Kadın","2-4","Pop;Hip-hop;Rock","Hayır","Evet","Evet","Pop","Pop","Pop","Sıklıkla","Orta","Nadiren","Nadiren","Nadiren","Nadiren","Nadiren","Nadiren","Yüksek","Evet","1","2","1","2"
"2023/11/17 6:41:30 ÖS GMT+3","25-34","Kadın","0-1","Pop;Rock","Hayır","Evet","Evet","Pop","Pop","Pop","Orta","Nadiren","Nadiren","Sıklıkla","Nadiren","Nadiren","Nadiren","Nadiren","Orta","Evet","4","0","3","4"
"2023/11/17 6:43:06 ÖS GMT+3","18-24","Kadın","2-4","Pop;Rock","Hayır","Evet","Hayır","Pop","Hip-hop","Pop","Sıklıkla","Orta","Nadiren","Orta","Nadiren","Nadiren","Nadiren","Nadiren","Yüksek","Evet","5","3","3","5"
"2023/11/17 6:43:11 ÖS GMT+3","18-24","Kadın","6 ve üstü","Pop;Hip-hop;Klasik;Rock;Elektronik;Halk müziği","Hayır","Evet","Kısmen","Klasik","Pop","Pop","Sıklıkla","Orta","Orta","Nadiren","Nadiren","Nadiren","Orta","Sıklıkla","Yüksek","Evet","5","0","3","5"
"2023/11/17 6:43:37 ÖS GMT+3","18-24","Kadın","4-6","Pop;Hip-hop;Klasik","Hayır","Evet","Kısmen","Pop","Pop","Elektronik","Sıklıkla","Orta","Orta","Orta","Nadiren","Nadiren","Orta","Orta","Orta","Evet","2","5","3","4"
"2023/11/17 6:43:55 ÖS GMT+3","18-24","Erkek","2-4","Pop;Hip-hop;Klasik","Hayır","Evet","Kısmen","Halk müziği","Pop","Halk müziği","Orta","Orta","Nadiren","Nadiren","Nadiren","Nadiren","Nadiren","Sıklıkla","Orta","Evet","1","4","3","5"
"2023/11/17 6:44:01 ÖS GMT+3","18-24","Kadın","2-4","Pop;Klasik;Rock;Elektronik;Halk müziği","Evet","Evet","Evet","Klasik","Pop","Cazz","Orta","Nadiren","Sıklıkla","Sıklıkla","Nadiren","Nadiren","Orta","Sıklıkla","Yüksek","Evet","5","4","4","4"
"2023/11/17 6:44:36 ÖS GMT+3","35-50","Kadın","0-1","Pop;Klasik;Halk müziği","Hayır","Evet","Evet","Pop","Elektronik","Klasik","Orta","Nadiren","Orta","Orta","Nadiren","Nadiren","Nadiren","Orta","Yüksek","Evet","1","4","1","2"
"2023/11/17 6:44:42 ÖS GMT+3","18-24","Erkek","2-4","Klasik;Rock;Halk müziği","Evet","Hayır","Kısmen","Klasik","Rock","Halk müziği","Nadiren","Nadiren","Sıklıkla","Sıklıkla","Orta","Nadiren","Orta","Sıklıkla","Orta","Evet","4","3","3","5"
"2023/11/17 6:44:56 ÖS GMT+3","18-24","Kadın","6 ve üstü","Pop;Hip-hop;Klasik;Rock;Cazz;Elektronik","Hayır","Evet","Hayır","Klasik","Pop","Klasik","Sıklıkla","Sıklıkla","Sıklıkla","Orta","Orta","Nadiren","Nadiren","Nadiren","Orta","Evet","3","3","4","4"
"2023/11/17 6:45:08 ÖS GMT+3","18-24","Kadın","2-4","Pop;Klasik","Evet","Hayır","Evet","Klasik","Pop","Rock","Sıklıkla","Nadiren","Sıklıkla","Orta","Orta","Nadiren","Nadiren","Orta","Yüksek","Evet","3","1","2","5"
"2023/11/17 6:45:20 ÖS GMT+3","25-34","Kadın","2-4","Pop;Klasik;Rock;Cazz;Blues","Evet","Evet","Evet","Rock","Pop","Pop","Sıklıkla","Nadiren","Orta","Sıklıkla","Sıklıkla","Sıklıkla","Orta","Nadiren","Orta","Evet","3","4","4","3"
"2023/11/17 6:45:26 ÖS GMT+3","18-24","Kadın","2-4","Pop","Hayır","Hayır","Hayır","Pop","Pop","Pop","Sıklıkla","Nadiren","Nadiren","Orta","Nadiren","Nadiren","Nadiren","Orta","Yüksek","Evet","3","3","4","4"
"2023/11/17 6:46:05 ÖS GMT+3","18-24","Kadın","2-4","Pop;Hip-hop;Klasik;Rock;Cazz;Elektronik","Evet","Evet","Kısmen","Rock","Pop","Blues","Nadiren","Orta","Nadiren","Sıklıkla","Nadiren","Nadiren","Orta","Nadiren","Orta","Evet","1","3","2","2"
"2023/11/17 6:46:28 ÖS GMT+3","18-24","Kadın","0-1","Pop;Rock;Halk müziği","Hayır","Evet","Hayır","Pop","Pop","Pop","Sıklıkla","Nadiren","Nadiren","Sıklıkla","Nadiren","Nadiren","Orta","Orta","Orta","Hayır","4","3","2","4"
"2023/11/17 6:46:39 ÖS GMT+3","18-24","Kadın","4-6","Pop;Hip-hop;Rock","Hayır","Evet","Evet","Rock","Pop","Hip-hop","Orta","Sıklıkla","Nadiren","Sıklıkla","Nadiren","Orta","Nadiren","Orta","Yüksek","Evet","4","3","4","4"
"2023/11/17 6:46:47 ÖS GMT+3","18 altı","Kadın","2-4","Rock","Evet","Hayır","Kısmen","Klasik","Rock","Cazz","Orta","Nadiren","Orta","Sıklıkla","Sıklıkla","Nadiren","Orta","Orta","Yüksek","Evet","3","1","1","3"
"2023/11/17 6:46:49 ÖS GMT+3","18-24","Kadın","6 ve üstü","Pop;Hip-hop","Hayır","Evet","Kısmen","Hip-hop","Pop","Hip-hop","Sıklıkla","Sıklıkla","Nadiren","Nadiren","Nadiren","Nadiren","Nadiren","Nadiren","Yüksek","Evet","5","5","5","5"
"2023/11/17 6:47:21 ÖS GMT+3","18-24","Erkek","4-6","Pop;Klasik;Halk müziği","Evet","Hayır","Hayır","Klasik","Pop","Cazz","Orta","Orta","Sıklıkla","Sıklıkla","Nadiren","Nadiren","Nadiren","Orta","Orta","Evet","0","0","4","3"
"2023/11/17 6:47:22 ÖS GMT+3","35-50","Erkek","2-4","Pop;Rock","Evet","Evet","Evet","Rock","Halk müziği","Halk müziği","Sıklıkla","Orta","Orta","Sıklıkla","Orta","Orta","Orta","Nadiren","Yüksek","Evet","2","3","4","2"
"2023/11/17 6:47:23 ÖS GMT+3","18-24","Kadın","0-1","Klasik","Evet","Evet","Kısmen","Pop","Pop","Klasik","Orta","Nadiren","Sıklıkla","Orta","Orta","Orta","Nadiren","Orta","Orta","Evet","3","2","3","3"
"2023/11/17 6:47:39 ÖS GMT+3","25-34","Kadın","0-1","Pop","Evet","Hayır","Evet","Halk müziği","Pop","Halk müziği","Orta","Nadiren","Nadiren","Nadiren","Nadiren","Nadiren","Nadiren","Orta","Orta","Hayır","2","2","3","3"
"2023/11/17 6:48:07 ÖS GMT+3","18-24","Kadın","2-4","Pop;Hip-hop;Rock","Hayır","Hayır","Kısmen","Rock","Pop","Hip-hop","Orta","Orta","Nadiren","Sıklıkla","Nadiren","Nadiren","Nadiren","Orta","Yüksek","Evet","3","2","4","1"
"2023/11/17 6:48:10 ÖS GMT+3","18-24","Erkek","2-4","Pop;Hip-hop;Klasik;Rock;Cazz;Blues;Elektronik;Halk müziği","Evet","Evet","Evet","Elektronik","Hip-hop","Elektronik","Sıklıkla","Sıklıkla","Sıklıkla","Orta","Orta","Orta","Orta","Nadiren","Orta","Evet","5","2","5","5"
"2023/11/17 6:48:25 ÖS GMT+3","18-24","Kadın","2-4","Pop;Klasik","Hayır","Evet","Kısmen","Klasik","Pop","Klasik","Sıklıkla","Nadiren","Sıklıkla","Nadiren","Nadiren","Nadiren","Nadiren","Nadiren","Orta","Evet","4","3","2","1"
"2023/11/17 6:48:57 ÖS GMT+3","18-24","Erkek","2-4","Pop;Hip-hop;Klasik;Rock;Cazz;Blues;Elektronik;Halk müziği","Evet","Evet","Evet","Halk müziği","Hip-hop","Rock","Orta","Sıklıkla","Orta","Sıklıkla","Orta","Orta","Orta","Orta","Yüksek","Evet","2","4","5","5"
"2023/11/17 6:48:59 ÖS GMT+3","18 altı","Kadın","2-4","Pop;Hip-hop","Hayır","Evet","Evet","Klasik","Pop","Pop","Sıklıkla","Orta","Nadiren","Nadiren","Nadiren","Nadiren","Nadiren","Orta","Yüksek","Evet","4","3","5","3"
"2023/11/17 6:49:08 ÖS GMT+3","18-24","Kadın","2-4","Pop;Klasik;Rock;Elektronik","Hayır","Evet","Kısmen","Pop","Pop","Pop","Sıklıkla","Nadiren","Orta","Orta","Nadiren","Nadiren","Orta","Nadiren","Yüksek","Evet","3","0","2","1"
"2023/11/17 6:49:10 ÖS GMT+3","18-24","Kadın","0-1","Pop;Hip-hop;Rock","Evet","Evet","Kısmen","Rock","Pop","Halk müziği","Orta","Orta","Nadiren","Sıklıkla","Nadiren","Nadiren","Nadiren","Nadiren","Orta","Evet","4","2","1","2"
"2023/11/17 6:49:52 ÖS GMT+3","18-24","Kadın","2-4","Pop;Hip-hop;Rock","Hayır","Evet","Evet","Hip-hop","Pop","Hip-hop","Orta","Sıklıkla","Nadiren","Orta","Nadiren","Nadiren","Nadiren","Nadiren","Yüksek","Evet","2","0","1","2"
"2023/11/17 6:50:19 ÖS GMT+3","18-24","Kadın","0-1","Pop;Klasik","Hayır","Evet","Hayır","Klasik","Pop","Klasik","Orta","Nadiren","Sıklıkla","Nadiren","Nadiren","Nadiren","Nadiren","Nadiren","Orta","Evet","5","0","5","5"
"2023/11/17 6:50:23 ÖS GMT+3","18-24","Kadın","2-4","Pop;Hip-hop;Klasik;Halk müziği","Evet","Hayır","Kısmen","Klasik","Klasik","Klasik","Orta","Orta","Sıklıkla","Orta","Nadiren","Nadiren","Nadiren","Sıklıkla","Orta","Evet","5","4","4","4"
"2023/11/17 6:50:25 ÖS GMT+3","18-24","Erkek","2-4","Pop;Hip-hop;Klasik;Rock;Cazz","Hayır","Evet","Evet","Hip-hop","Hip-hop","Klasik","Sıklıkla","Sıklıkla","Sıklıkla","Orta","Nadiren","Nadiren","Nadiren","Sıklıkla","Yüksek","Evet","0","3","4","1"
"2023/11/17 6:51:01 ÖS GMT+3","18-24","Kadın","0-1","Hip-hop;Cazz;Halk müziği","Hayır","Evet","Kısmen","Halk müziği","Pop","Hip-hop","Orta","Orta","Nadiren","Nadiren","Orta","Orta","Nadiren","Orta","Yüksek","Evet","4","4","4","4"
"2023/11/17 6:51:04 ÖS GMT+3","25-34","Kadın","6 ve üstü","Pop;Hip-hop;Klasik;Rock","Hayır","Evet","Evet","Hip-hop","Pop","Pop","Sıklıkla","Sıklıkla","Sıklıkla","Sıklıkla","Orta","Orta","Orta","Nadiren","Orta","Evet","3","3","4","1"
"2023/11/17 6:51:11 ÖS GMT+3","18-24","Kadın","2-4","Pop;Klasik;Rock;Cazz;Elektronik","Hayır","Evet","Kısmen","Elektronik","Pop","Cazz","Sıklıkla","Nadiren","Orta","Orta","Orta","Nadiren","Sıklıkla","Nadiren","Orta","Evet","2","3","3","4"
"2023/11/17 6:51:35 ÖS GMT+3","18-24","Kadın","4-6","Pop","Evet","Evet","Evet","Pop","Pop","Pop","Sıklıkla","Orta","Nadiren","Orta","Nadiren","Nadiren","Nadiren","Nadiren","Yüksek","Evet","4","3","3","5"
"2023/11/17 6:51:39 ÖS GMT+3","18 altı","Kadın","2-4","Pop","Hayır","Evet","Kısmen","Klasik","Pop","Klasik","Sıklıkla","Orta","Orta","Nadiren","Nadiren","Nadiren","Nadiren","Nadiren","Orta","Evet","2","2","0","4"
"2023/11/17 6:52:06 ÖS GMT+3","25-34","Kadın","2-4","Pop;Klasik;Halk müziği","Evet","Evet","Evet","Halk müziği","Pop","Cazz","Sıklıkla","Orta","Sıklıkla","Orta","Nadiren","Nadiren","Nadiren","Sıklıkla","Yüksek","Evet","5","5","5","5"
"2023/11/17 6:53:54 ÖS GMT+3","18-24","Erkek","0-1","Klasik;Rock","Evet","Hayır","Evet","Rock","Rock","Rock","Nadiren","Nadiren","Orta","Sıklıkla","Nadiren","Nadiren","Nadiren","Orta","Orta","Evet","5","0","1","2"
"2023/11/17 6:54:02 ÖS GMT+3","18-24","Kadın","2-4","Pop;Hip-hop;Elektronik","Hayır","Evet","Hayır","Hip-hop","Elektronik","Cazz","Sıklıkla","Sıklıkla","Nadiren","Sıklıkla","Orta","Nadiren","Orta","Nadiren","Yüksek","Evet","2","0","4","1"
"2023/11/17 6:54:15 ÖS GMT+3","18-24","Kadın","4-6","Pop;Hip-hop;Klasik;Rock","Hayır","Hayır","Evet","Rock","Pop","Rock","Sıklıkla","Sıklıkla","Orta","Sıklıkla","Nadiren","Nadiren","Nadiren","Nadiren","Yüksek","Evet","5","1","4","5"
"2023/11/17 6:54:19 ÖS GMT+3","18 altı","Erkek","6 ve üstü","Pop;Blues;Elektronik","Evet","Evet","Evet","Pop","Pop","Pop","Sıklıkla","Orta","Orta","Orta","Nadiren","Orta","Orta","Nadiren","Yüksek","Evet","2","4","4","5"
"2023/11/17 6:54:24 ÖS GMT+3","18 altı","Erkek","6 ve üstü","Pop;Blues;Elektronik","Evet","Evet","Evet","Pop","Pop","Pop","Sıklıkla","Orta","Orta","Orta","Nadiren","Orta","Orta","Nadiren","Yüksek","Evet","2","4","4","5"
"2023/11/17 6:54:35 ÖS GMT+3","18-24","Erkek","2-4","Rock","Evet","Evet","Evet","Rock","Rock","Rock","Nadiren","Nadiren","Nadiren","Sıklıkla","Nadiren","Orta","Nadiren","Nadiren","Yüksek","Evet","3","0","2","2"
"2023/11/17 6:54:38 ÖS GMT+3","18 altı","Kadın","2-4","Rock","Evet","Hayır","Evet","Rock","Rock","Pop","Orta","Nadiren","Nadiren","Sıklıkla","Orta","Sıklıkla","Orta","Nadiren","Orta","Evet","1","4","2","3"
"2023/11/17 6:55:30 ÖS GMT+3","25-34","Kadın","2-4","Pop;Hip-hop","Hayır","Evet","Evet","Klasik","Pop","Hip-hop","Orta","Sıklıkla","Orta","Nadiren","Nadiren","Nadiren","Nadiren","Orta","Orta","Evet","2","0","1","1"
"2023/11/17 6:55:52 ÖS GMT+3","18-24","Kadın","2-4","Pop;Klasik;Rock","Hayır","Evet","Evet","Halk müziği","Pop","Klasik","Orta","Nadiren","Nadiren","Sıklıkla","Nadiren","Nadiren","Nadiren","Nadiren","Orta","Evet","3","1","1","0"
"2023/11/17 6:56:03 ÖS GMT+3","18-24","Kadın","2-4","Pop","Hayır","Hayır","Kısmen","Pop","Pop","Pop","Sıklıkla","Nadiren","Nadiren","Nadiren","Nadiren","Nadiren","Nadiren","Nadiren","Orta","Evet","0","0","0","0"
"2023/11/17 6:56:19 ÖS GMT+3","18-24","Kadın","4-6","Pop","Hayır","Hayır","Kısmen","Rock","Pop","Rock","Sıklıkla","Nadiren","Nadiren","Orta","Nadiren","Nadiren","Orta","Nadiren","Yüksek","Evet","3","4","3","3"
"2023/11/17 6:57:16 ÖS GMT+3","18-24","Kadın","4-6","Pop;Hip-hop;Klasik","Hayır","Evet","Evet","Pop","Pop","Klasik","Sıklıkla","Orta","Orta","Nadiren","Nadiren","Nadiren","Nadiren","Nadiren","Yüksek","Evet","4","1","3","2"
"2023/11/17 6:58:47 ÖS GMT+3","18-24","Erkek","0-1","Pop","Hayır","Hayır","Hayır","Pop","Pop","Pop","Sıklıkla","Nadiren","Nadiren","Nadiren","Nadiren","Nadiren","Nadiren","Nadiren","Orta","Evet","2","0","0","2"
"2023/11/17 6:58:53 ÖS GMT+3","18-24","Kadın","0-1","Pop;Hip-hop;Rock","Hayır","Evet","Kısmen","Rock","Pop","Pop","Sıklıkla","Sıklıkla","Nadiren","Sıklıkla","Nadiren","Nadiren","Nadiren","Orta","Yüksek","Evet","4","0","0","0"
"2023/11/17 6:58:59 ÖS GMT+3","18 altı","Erkek","4-6","Elektronik","Evet","Evet","Evet","Elektronik","Elektronik","Elektronik","Nadiren","Nadiren","Orta","Nadiren","Nadiren","Nadiren","Sıklıkla","Nadiren","Orta","Evet","4","3","4","2"
"2023/11/17 6:59:16 ÖS GMT+3","18-24","Kadın","4-6","Pop;Rock;Elektronik","Evet","Evet","Evet","Elektronik","Pop","Rock","Nadiren","Orta","Nadiren","Sıklıkla","Nadiren","Nadiren","Orta","Nadiren","Orta","Evet","5","4","3","4"
"2023/11/17 6:59:45 ÖS GMT+3","18 altı","Kadın","2-4","Pop;Hip-hop;Klasik;Rock;Cazz;Blues;Elektronik","Evet","Evet","Evet","Pop","Rock","Klasik","Sıklıkla","Orta","Orta","Sıklıkla","Sıklıkla","Sıklıkla","Sıklıkla","Nadiren","Orta","Evet","1","4","2","2"
"2023/11/17 7:00:59 ÖS GMT+3","18-24","Kadın","2-4","Pop;Hip-hop;Rock;Halk müziği","Hayır","Evet","Evet","Halk müziği","Pop","Hip-hop","Orta","Orta","Orta","Sıklıkla","Nadiren","Nadiren","Nadiren","Sıklıkla","Yüksek","Evet","4","2","4","4"
"2023/11/17 7:01:09 ÖS GMT+3","18-24","Kadın","0-1","Pop;Hip-hop;Klasik;Rock","Hayır","Evet","Evet","Klasik","Pop","Klasik","Sıklıkla","Orta","Sıklıkla","Nadiren","Nadiren","Nadiren","Nadiren","Nadiren","Yüksek","Evet","5","5","5","5"
"2023/11/17 7:01:18 ÖS GMT+3","18-24","Kadın","4-6","Pop;Rock","Hayır","Evet","Evet","Blues","Pop","Klasik","Sıklıkla","Orta","Nadiren","Orta","Orta","Orta","Orta","Orta","Yüksek","Evet","4","2","3","5"
"2023/11/17 7:02:45 ÖS GMT+3","18-24","Erkek","6 ve üstü","Klasik;Rock;Blues;Elektronik","Evet","Evet","Evet","Elektronik","Rock","Klasik","Nadiren","Nadiren","Sıklıkla","Sıklıkla","Orta","Orta","Sıklıkla","Orta","Yüksek","Evet","2","4","5","5"
"2023/11/17 7:02:58 ÖS GMT+3","18-24","Kadın","4-6","Rock;Elektronik","Hayır","Hayır","Kısmen","Rock","Elektronik","Rock","Nadiren","Orta","Orta","Sıklıkla","Nadiren","Orta","Sıklıkla","Orta","Yüksek","Evet","3","5","2","1"
"2023/11/17 7:02:59 ÖS GMT+3","18-24","Kadın","0-1","Pop;Klasik;Rock;Blues","Evet","Evet","Evet","Rock","Rock","Klasik","Sıklıkla","Nadiren","Sıklıkla","Sıklıkla","Orta","Sıklıkla","Nadiren","Nadiren","Orta","Evet","4","1","4","5"
"2023/11/17 7:04:02 ÖS GMT+3","18-24","Kadın","0-1","Pop;Hip-hop;Klasik;Rock;Elektronik","Hayır","Hayır","Evet","Pop","Pop","Klasik","Orta","Orta","Nadiren","Orta","Nadiren","Nadiren","Nadiren","Nadiren","Yüksek","Evet","4","3","3","4"
"2023/11/17 7:04:13 ÖS GMT+3","25-34","Kadın","0-1","Pop","Hayır","Hayır","Evet","Pop","Pop","Pop","Sıklıkla","Orta","Nadiren","Orta","Nadiren","Nadiren","Nadiren","Nadiren","Orta","Evet","4","0","4","3"
"2023/11/17 7:04:21 ÖS GMT+3","18-24","Kadın","2-4","Pop;Rock","Hayır","Evet","Kısmen","Pop","Rock","Pop","Sıklıkla","Nadiren","Orta","Sıklıkla","Nadiren","Nadiren","Orta","Nadiren","Yüksek","Evet","3","1","1","4"
"2023/11/17 7:04:46 ÖS GMT+3","18-24","Kadın","4-6","Pop;Hip-hop;Rock;Halk müziği","Hayır","Hayır","Kısmen","Halk müziği","Pop","Halk müziği","Sıklıkla","Orta","Nadiren","Orta","Nadiren","Nadiren","Nadiren","Sıklıkla","Yüksek","Evet","1","1","2","0"
"2023/11/17 7:06:12 ÖS GMT+3","18-24","Kadın","2-4","Pop;Klasik;Rock;Cazz;Blues","Evet","Evet","Evet","Pop","Rock","Cazz","Orta","Nadiren","Sıklıkla","Orta","Sıklıkla","Orta","Orta","Orta","Yüksek","Evet","3","1","1","2"
"2023/11/17 7:06:33 ÖS GMT+3","25-34","Kadın","2-4","Pop;Rock;Blues","Hayır","Evet","Evet","Rock","Pop","Rock","Sıklıkla","Nadiren","Nadiren","Sıklıkla","Nadiren","Sıklıkla","Orta","Nadiren","Yüksek","Evet","1","2","3","0"
"2023/11/17 7:07:32 ÖS GMT+3","18-24","Kadın","4-6","Klasik;Rock;Elektronik","Hayır","Hayır","Evet","Rock","Rock","Rock","Orta","Nadiren","Orta","Sıklıkla","Nadiren","Nadiren","Sıklıkla","Nadiren","Orta","Evet","0","3","0","1"
"2023/11/17 7:08:27 ÖS GMT+3","25-34","Kadın","2-4","Pop;Hip-hop;Rock;Halk müziği","Hayır","Evet","Kısmen","Pop","Pop","Pop","Sıklıkla","Orta","Nadiren","Orta","Nadiren","Nadiren","Nadiren","Orta","Yüksek","Evet","3","3","2","2"
"2023/11/17 7:08:55 ÖS GMT+3","18-24","Kadın","2-4","Pop","Hayır","Evet","Kısmen","Klasik","Pop","Cazz","Sıklıkla","Orta","Orta","Nadiren","Orta","Nadiren","Nadiren","Nadiren","Yüksek","Evet","3","5","4","2"
"2023/11/17 7:09:22 ÖS GMT+3","18 altı","Kadın","4-6","Pop;Klasik;Rock;Cazz;Blues","Evet","Evet","Hayır","Klasik","Cazz","Klasik","Sıklıkla","Nadiren","Sıklıkla","Orta","Sıklıkla","Sıklıkla","Orta","Nadiren","Yüksek","Evet","3","4","1","2"
"2023/11/17 7:09:53 ÖS GMT+3","18 altı","Kadın","2-4","Pop;Hip-hop;Klasik;Rock","Hayır","Hayır","Kısmen","Pop","Pop","Pop","Sıklıkla","Orta","Orta","Orta","Nadiren","Nadiren","Nadiren","Nadiren","Orta","Evet","5","3","5","5"
"2023/11/17 7:10:06 ÖS GMT+3","25-34","Kadın","2-4","Pop;Hip-hop;Rock;Elektronik;Halk müziği","Hayır","Evet","Evet","Rock","Pop","Hip-hop","Orta","Orta","Nadiren","Sıklıkla","Nadiren","Nadiren","Nadiren","Nadiren","Yüksek","Evet","3","2","4","3"
"2023/11/17 7:10:48 ÖS GMT+3","18-24","Erkek","0-1","Pop;Hip-hop","Hayır","Evet","Evet","Hip-hop","Hip-hop","Halk müziği","Orta","Sıklıkla","Orta","Nadiren","Nadiren","Nadiren","Nadiren","Orta","Yüksek","Evet","4","3","3","4"
"2023/11/17 7:11:15 ÖS GMT+3","18-24","Kadın","2-4","Pop;Hip-hop;Rock","Evet","Evet","Kısmen","Hip-hop","Hip-hop","Hip-hop","Nadiren","Sıklıkla","Nadiren","Orta","Nadiren","Nadiren","Nadiren","Nadiren","Orta","Evet","3","2","3","3"
"2023/11/17 7:11:22 ÖS GMT+3","18-24","Kadın","0-1","Pop;Rock;Halk müziği","Hayır","Evet","Hayır","Halk müziği","Pop","Rock","Sıklıkla","Nadiren","Orta","Sıklıkla","Orta","Orta","Nadiren","Orta","Orta","Evet","4","3","3","3"
"2023/11/17 7:11:37 ÖS GMT+3","18-24","Erkek","0-1","Pop;Hip-hop;Rock;Elektronik","Hayır","Hayır","Evet","Hip-hop","Elektronik","Hip-hop","Orta","Sıklıkla","Nadiren","Orta","Nadiren","Nadiren","Orta","Nadiren","Orta","Evet","4","4","3","5"
"2023/11/17 7:11:56 ÖS GMT+3","18-24","Kadın","0-1","Pop;Hip-hop;Elektronik;Halk müziği","Hayır","Evet","Evet","Pop","Pop","Pop","Sıklıkla","Orta","Nadiren","Orta","Nadiren","Nadiren","Nadiren","Orta","Yüksek","Evet","2","2","2","1"
"2023/11/17 7:12:49 ÖS GMT+3","18-24","Kadın","2-4","Pop;Hip-hop;Klasik;Rock;Cazz;Halk müziği","Hayır","Hayır","Evet","Klasik","Pop","Pop","Sıklıkla","Orta","Orta","Orta","Nadiren","Orta","Nadiren","Orta","Yüksek","Evet","1","1","5","4"
"2023/11/17 7:13:36 ÖS GMT+3","25-34","Kadın","0-1","Pop;Klasik;Cazz","Hayır","Evet","Evet","Klasik","Pop","Rock","Orta","Nadiren","Sıklıkla","Orta","Orta","Orta","Nadiren","Orta","Yüksek","Evet","5","1","2","1"
"2023/11/17 7:14:12 ÖS GMT+3","18-24","Kadın","2-4","Pop;Hip-hop;Rock;Blues;Halk müziği","Hayır","Evet","Kısmen","Rock","Pop","Hip-hop","Sıklıkla","Sıklıkla","Nadiren","Sıklıkla","Nadiren","Orta","Nadiren","Orta","Yüksek","Evet","3","4","3","2"
"2023/11/17 7:15:11 ÖS GMT+3","18-24","Erkek","2-4","Pop;Halk müziği","Hayır","Evet","Kısmen","Halk müziği","Pop","Elektronik","Sıklıkla","Nadiren","Nadiren","Nadiren","Nadiren","Nadiren","Orta","Sıklıkla","Yüksek","Evet","3","4","2","3"
"2023/11/17 7:15:51 ÖS GMT+3","25-34","Kadın","0-1","Pop;Hip-hop;Rock","Hayır","Evet","Evet","Pop","Pop","Pop","Sıklıkla","Sıklıkla","Nadiren","Orta","Nadiren","Nadiren","Nadiren","Nadiren","Düşük","Evet","2","3","3","3"
"2023/11/17 7:15:52 ÖS GMT+3","18-24","Erkek","2-4","Pop;Hip-hop;Halk müziği","Hayır","Evet","Hayır","Halk müziği","Pop","Hip-hop","Orta","Sıklıkla","Nadiren","Nadiren","Nadiren","Nadiren","Nadiren","Sıklıkla","Yüksek","Evet","2","5","2","4"
"2023/11/17 7:17:56 ÖS GMT+3","18-24","Kadın","2-4","Rock","Evet","Evet","Evet","Rock","Rock","Pop","Nadiren","Orta","Orta","Sıklıkla","Orta","Sıklıkla","Sıklıkla","Nadiren","Yüksek","Evet","5","1","5","5"
"2023/11/17 7:18:36 ÖS GMT+3","18 altı","Kadın","0-1","Pop;Hip-hop;Rock","Hayır","Evet","Evet","Halk müziği","Hip-hop","Pop","Orta","Sıklıkla","Nadiren","Orta","Nadiren","Nadiren","Nadiren","Nadiren","Orta","Evet","3","3","3","4"
"2023/11/17 7:19:05 ÖS GMT+3","18-24","Erkek","4-6","Hip-hop;Klasik;Rock;Blues;Elektronik","Evet","Hayır","Evet","Blues","Blues","Hip-hop","Nadiren","Sıklıkla","Sıklıkla","Sıklıkla","Orta","Orta","Orta","Nadiren","Yüksek","Evet","4","4","4","5"
"2023/11/17 7:20:07 ÖS GMT+3","18-24","Kadın","4-6","Rock;Halk müziği","Evet","Hayır","Evet","Rock","Rock","Rock","Nadiren","Nadiren","Orta","Sıklıkla","Nadiren","Nadiren","Nadiren","Sıklıkla","Yüksek","Evet","3","2","4","5"
"2023/11/17 7:22:11 ÖS GMT+3","18-24","Erkek","6 ve üstü","Pop;Hip-hop;Elektronik","Hayır","Evet","Evet","Pop","Pop","Pop","Sıklıkla","Orta","Nadiren","Orta","Nadiren","Nadiren","Orta","Nadiren","Yüksek","Evet","4","3","0","1"
"2023/11/17 7:22:15 ÖS GMT+3","18-24","Kadın","2-4","Pop;Klasik","Hayır","Evet","Evet","Pop","Pop","Pop","Sıklıkla","Nadiren","Orta","Nadiren","Nadiren","Nadiren","Nadiren","Nadiren","Orta","Evet","4","2","1","3"
"2023/11/17 7:25:19 ÖS GMT+3","25-34","Kadın","0-1","Pop;Hip-hop;Klasik;Rock;Cazz;Blues;Elektronik;Halk müziği","Hayır","Evet","Kısmen","Hip-hop","Pop","Klasik","Sıklıkla","Sıklıkla","Nadiren","Orta","Nadiren","Nadiren","Nadiren","Nadiren","Yüksek","Evet","3","2","3","4"
"2023/11/17 7:26:27 ÖS GMT+3","18-24","Kadın","0-1","Pop;Hip-hop;Klasik;Rock;Cazz;Blues;Elektronik;Halk müziği","Hayır","Evet","Evet","Pop","Rock","Halk müziği","Sıklıkla","Sıklıkla","Sıklıkla","Sıklıkla","Sıklıkla","Sıklıkla","Sıklıkla","Sıklıkla","Yüksek","Evet","4","0","3","0"
"2023/11/17 7:26:45 ÖS GMT+3","18-24","Kadın","2-4","Pop;Klasik;Rock;Halk müziği","Hayır","Evet","Kısmen","Pop","Pop","Rock","Sıklıkla","Nadiren","Orta","Orta","Nadiren","Nadiren","Nadiren","Sıklıkla","Yüksek","Evet","1","0","0","1"
"2023/11/17 7:27:31 ÖS GMT+3","18-24","Kadın","0-1","Pop;Hip-hop","Hayır","Evet","Evet","Halk müziği","Hip-hop","Halk müziği","Sıklıkla","Sıklıkla","Nadiren","Nadiren","Nadiren","Nadiren","Nadiren","Orta","Orta","Evet","2","1","3","5"
"2023/11/17 7:28:41 ÖS GMT+3","18-24","Kadın","4-6","Pop;Hip-hop;Klasik;Rock;Cazz;Blues;Elektronik;Halk müziği","Hayır","Hayır","Kısmen","Halk müziği","Pop","Halk müziği","Sıklıkla","Nadiren","Nadiren","Orta","Nadiren","Nadiren","Nadiren","Sıklıkla","Orta","Evet","4","0","0","2"
"2023/11/17 7:28:50 ÖS GMT+3","18 altı","Erkek","2-4","Klasik","Hayır","Hayır","Kısmen","Klasik","Klasik","Klasik","Nadiren","Nadiren","Sıklıkla","Nadiren","Nadiren","Nadiren","Nadiren","Orta","Orta","Evet","3","0","2","2"
"2023/11/17 7:30:24 ÖS GMT+3","18-24","Kadın","2-4","Pop;Klasik;Halk müziği","Hayır","Evet","Evet","Halk müziği","Pop","Klasik","Sıklıkla","Orta","Orta","Nadiren","Nadiren","Nadiren","Nadiren","Sıklıkla","Orta","Evet","3","0","3","3"
"2023/11/17 7:30:30 ÖS GMT+3","18-24","Kadın","2-4","Pop;Klasik;Halk müziği","Hayır","Hayır","Kısmen","Klasik","Pop","Klasik","Orta","Nadiren","Sıklıkla","Nadiren","Nadiren","Nadiren","Nadiren","Sıklıkla","Orta","Evet","1","1","2","3"
"2023/11/17 7:31:26 ÖS GMT+3","18-24","Kadın","2-4","Hip-hop;Rock;Elektronik","Hayır","Evet","Evet","Klasik","Hip-hop","Rock","Orta","Sıklıkla","Nadiren","Sıklıkla","Orta","Orta","Sıklıkla","Nadiren","Orta","Evet","1","1","2","3"
"2023/11/17 7:32:28 ÖS GMT+3","18-24","Kadın","2-4","Pop;Hip-hop;Rock;Halk müziği","Evet","Evet","Evet","Rock","Hip-hop","Blues","Orta","Sıklıkla","Nadiren","Sıklıkla","Nadiren","Orta","Orta","Orta","Yüksek","Evet","4","3","2","4"
"2023/11/17 7:32:59 ÖS GMT+3","18-24","Kadın","2-4","Pop;Rock","Hayır","Hayır","Evet","Pop","Rock","Pop","Orta","Nadiren","Nadiren","Sıklıkla","Orta","Nadiren","Nadiren","Nadiren","Orta","Evet","4","3","4","5"
"2023/11/17 7:34:45 ÖS GMT+3","18-24","Erkek","6 ve üstü","Klasik;Rock;Cazz;Blues","Evet","Hayır","Evet","Klasik","Rock","Klasik","Nadiren","Orta","Sıklıkla","Sıklıkla","Sıklıkla","Sıklıkla","Nadiren","Nadiren","Yüksek","Evet","3","3","1","2"
"2023/11/17 7:35:51 ÖS GMT+3","18-24","Erkek","2-4","Pop;Hip-hop;Rock;Elektronik","Evet","Evet","Evet","Elektronik","Hip-hop","Hip-hop","Sıklıkla","Sıklıkla","Nadiren","Orta","Nadiren","Nadiren","Sıklıkla","Nadiren","Yüksek","Evet","2","3","3","0"
"2023/11/17 7:41:35 ÖS GMT+3","18-24","Erkek","6 ve üstü","Klasik","Hayır","Hayır","Evet","Blues","Halk müziği","Elektronik","Orta","Sıklıkla","Orta","Sıklıkla","Nadiren","Orta","Sıklıkla","Sıklıkla","Orta","Evet","2","5","3","4"
"2023/11/17 7:42:21 ÖS GMT+3","18-24","Kadın","4-6","Pop;Klasik;Rock;Halk müziği","Evet","Evet","Evet","Klasik","Pop","Klasik","Sıklıkla","Orta","Sıklıkla","Sıklıkla","Orta","Orta","Orta","Sıklıkla","Orta","Evet","0","1","4","5"
"2023/11/17 7:43:57 ÖS GMT+3","18 altı","Kadın","2-4","Rock","Evet","Evet","Evet","Rock","Pop","Klasik","Orta","Nadiren","Orta","Sıklıkla","Sıklıkla","Orta","Nadiren","Nadiren","Orta","Evet","3","4","3","5"
"2023/11/17 7:45:37 ÖS GMT+3","18-24","Kadın","2-4","Pop","Hayır","Evet","Evet","Blues","Pop","Hip-hop","Sıklıkla","Sıklıkla","Nadiren","Nadiren","Nadiren","Orta","Nadiren","Nadiren","Yüksek","Evet","3","2","4","5"
"2023/11/17 7:47:08 ÖS GMT+3","18-24","Kadın","6 ve üstü","Hip-hop;Klasik;Rock;Cazz;Elektronik","Evet","Evet","Evet","Elektronik","Pop","Elektronik","Sıklıkla","Sıklıkla","Orta","Sıklıkla","Orta","Sıklıkla","Orta","Orta","Orta","Evet","3","5","3","3"
"2023/11/17 7:47:52 ÖS GMT+3","18-24","Kadın","4-6","Pop;Hip-hop;Klasik;Cazz;Blues","Evet","Evet","Evet","Blues","Pop","Klasik","Sıklıkla","Sıklıkla","Sıklıkla","Orta","Sıklıkla","Sıklıkla","Nadiren","Nadiren","Orta","Evet","5","4","5","4"
"2023/11/17 7:47:53 ÖS GMT+3","18-24","Kadın","2-4","Klasik","Hayır","Evet","Kısmen","Blues","Pop","Blues","Orta","Nadiren","Sıklıkla","Nadiren","Nadiren","Sıklıkla","Nadiren","Orta","Orta","Evet","4","5","4","4"
"2023/11/17 7:48:33 ÖS GMT+3","18-24","Kadın","2-4","Rock;Halk müziği","Hayır","Evet","Evet","Rock","Pop","Rock","Orta","Nadiren","Nadiren","Sıklıkla","Nadiren","Orta","Nadiren","Sıklıkla","Yüksek","Evet","3","2","4","4"
"2023/11/17 7:48:49 ÖS GMT+3","18-24","Belirtmek istemiyorum","2-4","Hip-hop;Rock;Elektronik","Evet","Evet","Kısmen","Hip-hop","Hip-hop","Hip-hop","Nadiren","Sıklıkla","Nadiren","Sıklıkla","Nadiren","Nadiren","Sıklıkla","Orta","Yüksek","Evet","2","4","1","3"
"2023/11/17 7:53:10 ÖS GMT+3","18-24","Kadın","4-6","Pop;Klasik;Elektronik;Halk müziği","Hayır","Evet","Hayır","Pop","Pop","Pop","Sıklıkla","Orta","Sıklıkla","Orta","Nadiren","Nadiren","Sıklıkla","Sıklıkla","Yüksek","Evet","3","0","3","1"
"2023/11/17 7:53:21 ÖS GMT+3","18-24","Kadın","2-4","Pop;Hip-hop","Hayır","Evet","Evet","Hip-hop","Pop","Pop","Sıklıkla","Sıklıkla","Nadiren","Orta","Orta","Orta","Orta","Nadiren","Yüksek","Evet","3","2","3","3"
"2023/11/17 7:56:01 ÖS GMT+3","18-24","Kadın","0-1","Pop;Hip-hop;Rock","Hayır","Hayır","Evet","Rock","Pop","Rock","Sıklıkla","Orta","Nadiren","Sıklıkla","Nadiren","Nadiren","Nadiren","Nadiren","Orta","Evet","3","4","2","4"
"2023/11/17 7:56:54 ÖS GMT+3","18-24","Kadın","2-4","Pop;Klasik","Hayır","Evet","Evet","Klasik","Pop","Pop","Orta","Orta","Orta","Nadiren","Nadiren","Nadiren","Nadiren","Nadiren","Yüksek","Evet","2","2","2","3"
"2023/11/17 8:03:42 ÖS GMT+3","18-24","Kadın","2-4","Pop","Hayır","Evet","Kısmen","Klasik","Pop","Klasik","Sıklıkla","Nadiren","Nadiren","Orta","Nadiren","Nadiren","Nadiren","Orta","Yüksek","Evet","5","5","3","5"
"2023/11/17 8:07:11 ÖS GMT+3","18-24","Kadın","4-6","Pop;Klasik;Rock","Evet","Evet","Kısmen","Rock","Pop","Blues","Orta","Nadiren","Orta","Sıklıkla","Orta","Orta","Sıklıkla","Nadiren","Yüksek","Evet","4","3","2","2"
"2023/11/17 8:08:45 ÖS GMT+3","18-24","Kadın","4-6","Pop;Klasik;Rock;Halk müziği","Evet","Evet","Evet","Halk müziği","Rock","Klasik","Orta","Orta","Sıklıkla","Sıklıkla","Nadiren","Nadiren","Orta","Sıklıkla","Yüksek","Evet","3","2","3","3"
"2023/11/17 8:08:46 ÖS GMT+3","18-24","Kadın","4-6","Pop;Hip-hop","Evet","Evet","Evet","Pop","Pop","Pop","Sıklıkla","Sıklıkla","Nadiren","Nadiren","Nadiren","Nadiren","Nadiren","Nadiren","Yüksek","Evet","2","4","1","5"
"2023/11/17 8:09:37 ÖS GMT+3","18-24","Kadın","4-6","Pop;Hip-hop;Klasik;Rock","Evet","Evet","Evet","Rock","Pop","Klasik","Sıklıkla","Sıklıkla","Orta","Sıklıkla","Nadiren","Nadiren","Nadiren","Nadiren","Orta","Evet","4","2","4","3"
"2023/11/17 8:09:59 ÖS GMT+3","18-24","Kadın","2-4","Pop;Hip-hop;Klasik;Rock;Cazz","Hayır","Evet","Kısmen","Klasik","Pop","Rock","Orta","Sıklıkla","Nadiren","Orta","Orta","Nadiren","Orta","Nadiren","Yüksek","Evet","2","5","1","5"
"2023/11/17 8:10:38 ÖS GMT+3","18-24","Erkek","0-1","Hip-hop;Rock","Hayır","Evet","Evet","Hip-hop","Hip-hop","Hip-hop","Nadiren","Sıklıkla","Nadiren","Sıklıkla","Nadiren","Nadiren","Nadiren","Nadiren","Orta","Evet","0","4","3","0"
"2023/11/17 8:12:13 ÖS GMT+3","25-34","Erkek","6 ve üstü","Pop;Klasik;Halk müziği","Hayır","Hayır","Evet","Klasik","Halk müziği","Pop","Sıklıkla","Nadiren","Sıklıkla","Nadiren","Nadiren","Nadiren","Nadiren","Sıklıkla","Orta","Evet","4","3","4","2"
"2023/11/17 8:14:14 ÖS GMT+3","18-24","Kadın","0-1","Pop","Hayır","Evet","Kısmen","Rock","Pop","Pop","Sıklıkla","Nadiren","Nadiren","Nadiren","Nadiren","Nadiren","Nadiren","Nadiren","Orta","Evet","3","3","2","2"
"2023/11/17 8:14:42 ÖS GMT+3","18-24","Erkek","6 ve üstü","Pop;Hip-hop","Evet","Evet","Evet","Hip-hop","Pop","Pop","Sıklıkla","Sıklıkla","Nadiren","Nadiren","Nadiren","Nadiren","Nadiren","Nadiren","Düşük","Evet","4","5","5","3"
"2023/11/17 8:16:18 ÖS GMT+3","18-24","Kadın","4-6","Pop;Hip-hop;Rock;Elektronik","Hayır","Evet","Evet","Elektronik","Elektronik","Pop","Sıklıkla","Sıklıkla","Nadiren","Sıklıkla","Nadiren","Orta","Sıklıkla","Nadiren","Yüksek","Hayır","4","5","2","3"
"2023/11/17 8:16:22 ÖS GMT+3","18-24","Kadın","4-6","Pop;Klasik;Rock;Halk müziği","Hayır","Evet","Kısmen","Klasik","Elektronik","Klasik","Nadiren","Nadiren","Orta","Orta","Nadiren","Nadiren","Orta","Nadiren","Orta","Evet","3","0","2","2"
"2023/11/17 8:17:24 ÖS GMT+3","18-24","Erkek","2-4","Hip-hop;Klasik","Evet","Evet","Evet","Hip-hop","Hip-hop","Hip-hop","Nadiren","Sıklıkla","Sıklıkla","Orta","Nadiren","Nadiren","Orta","Orta","Orta","Evet","2","3","0","0"
"2023/11/17 8:18:02 ÖS GMT+3","18-24","Erkek","6 ve üstü","Pop;Hip-hop;Rock;Cazz;Blues;Elektronik","Evet","Evet","Hayır","Pop","Hip-hop","Pop","Orta","Sıklıkla","Nadiren","Sıklıkla","Orta","Orta","Nadiren","Nadiren","Yüksek","Evet","4","5","3","4"
"2023/11/17 8:18:51 ÖS GMT+3","18-24","Kadın","2-4","Pop;Rock","Hayır","Hayır","Kısmen","Rock","Pop","Rock","Orta","Nadiren","Nadiren","Sıklıkla","Nadiren","Nadiren","Nadiren","Orta","Orta","Evet","5","1","1","5"
"2023/11/17 8:19:31 ÖS GMT+3","18-24","Erkek","6 ve üstü","Pop;Hip-hop;Rock;Elektronik","Hayır","Evet","Kısmen","Hip-hop","Hip-hop","Hip-hop","Nadiren","Sıklıkla","Nadiren","Orta","Nadiren","Nadiren","Nadiren","Nadiren","Yüksek","Evet","2","3","2","4"
"2023/11/17 8:20:56 ÖS GMT+3","18-24","Kadın","2-4","Pop;Hip-hop;Rock","Hayır","Evet","Evet","Pop","Pop","Pop","Sıklıkla","Sıklıkla","Nadiren","Sıklıkla","Nadiren","Nadiren","Orta","Nadiren","Orta","Evet","3","1","2","2"
"2023/11/17 8:21:33 ÖS GMT+3","18-24","Erkek","0-1","Klasik;Cazz;Halk müziği","Hayır","Hayır","Evet","Halk müziği","Pop","Halk müziği","Orta","Nadiren","Orta","Nadiren","Orta","Nadiren","Nadiren","Sıklıkla","Orta","Evet","4","3","3","3"
"2023/11/17 8:22:18 ÖS GMT+3","25-34","Kadın","0-1","Pop","Hayır","Evet","Evet","Pop","Pop","Pop","Orta","Orta","Nadiren","Nadiren","Nadiren","Nadiren","Nadiren","Nadiren","Orta","Evet","0","0","0","1"
"2023/11/17 8:23:20 ÖS GMT+3","18-24","Kadın","2-4","Pop;Rock;Halk müziği","Hayır","Evet","Evet","Halk müziği","Pop","Rock","Sıklıkla","Nadiren","Orta","Sıklıkla","Nadiren","Nadiren","Nadiren","Orta","Orta","Hayır","4","0","3","5"
"2023/11/17 8:24:57 ÖS GMT+3","18-24","Kadın","2-4","Pop;Hip-hop;Blues;Halk müziği","Hayır","Evet","Evet","Blues","Pop","Pop","Sıklıkla","Sıklıkla","Nadiren","Orta","Nadiren","Orta","Nadiren","Orta","Yüksek","Evet","4","0","1","4"
"2023/11/17 8:29:44 ÖS GMT+3","18-24","Kadın","0-1","Pop;Hip-hop;Klasik;Rock;Blues;Elektronik","Hayır","Evet","Evet","Cazz","Pop","Elektronik","Sıklıkla","Orta","Sıklıkla","Orta","Nadiren","Sıklıkla","Orta","Nadiren","Orta","Evet","4","3","3","3"
"2023/11/17 8:30:02 ÖS GMT+3","18-24","Kadın","2-4","Pop","Hayır","Evet","Evet","Klasik","Pop","Klasik","Sıklıkla","Nadiren","Orta","Sıklıkla","Nadiren","Nadiren","Nadiren","Nadiren","Orta","Evet","3","2","1","4"
"2023/11/17 8:30:47 ÖS GMT+3","18-24","Kadın","0-1","Pop;Halk müziği","Evet","Evet","Evet","Pop","Pop","Pop","Sıklıkla","Nadiren","Orta","Nadiren","Nadiren","Nadiren","Nadiren","Orta","Orta","Evet","4","4","5","3"
"2023/11/17 8:33:03 ÖS GMT+3","18-24","Erkek","0-1","Pop;Hip-hop","Hayır","Evet","Evet","Halk müziği","Pop","Hip-hop","Sıklıkla","Sıklıkla","Orta","Orta","Nadiren","Nadiren","Nadiren","Orta","Yüksek","Evet","2","5","3","4"
"2023/11/17 8:33:46 ÖS GMT+3","18-24","Erkek","2-4","Pop;Rock;Elektronik","Hayır","Hayır","Evet","Pop","Pop","Pop","Sıklıkla","Nadiren","Nadiren","Orta","Nadiren","Nadiren","Sıklıkla","Nadiren","Yüksek","Evet","3","0","3","5"
"2023/11/17 8:34:27 ÖS GMT+3","18-24","Kadın","0-1","Pop;Hip-hop;Cazz;Blues","Hayır","Evet","Evet","Pop","Pop","Pop","Sıklıkla","Orta","Nadiren","Nadiren","Sıklıkla","Sıklıkla","Nadiren","Nadiren","Yüksek","Evet","1","0","0","0"
"2023/11/17 8:40:37 ÖS GMT+3","18-24","Kadın","4-6","Pop;Hip-hop;Rock;Elektronik","Evet","Evet","Evet","Hip-hop","Pop","Rock","Orta","Nadiren","Nadiren","Sıklıkla","Orta","Orta","Nadiren","Nadiren","Orta","Evet","5","1","2","3"
"2023/11/17 8:44:01 ÖS GMT+3","18-24","Kadın","0-1","Pop;Hip-hop;Klasik;Rock;Cazz","Hayır","Evet","Evet","Klasik","Pop","Hip-hop","Orta","Orta","Sıklıkla","Sıklıkla","Orta","Nadiren","Nadiren","Nadiren","Orta","Evet","3","1","1","1"
"2023/11/17 8:44:07 ÖS GMT+3","18-24","Erkek","2-4","Pop;Klasik","Hayır","Evet","Kısmen","Pop","Pop","Klasik","Orta","Orta","Orta","Nadiren","Nadiren","Nadiren","Nadiren","Nadiren","Orta","Evet","2","3","2","4"
"2023/11/17 8:44:58 ÖS GMT+3","18-24","Erkek","2-4","Pop;Klasik","Hayır","Evet","Hayır","Halk müziği","Pop","Halk müziği","Sıklıkla","Nadiren","Orta","Nadiren","Nadiren","Nadiren","Nadiren","Orta","Orta","Evet","3","2","2","3"
"2023/11/17 8:45:17 ÖS GMT+3","18-24","Erkek","4-6","Pop;Hip-hop","Hayır","Evet","Evet","Hip-hop","Hip-hop","Hip-hop","Nadiren","Sıklıkla","Nadiren","Nadiren","Nadiren","Nadiren","Nadiren","Nadiren","Yüksek","Evet","0","5","1","5"
"2023/11/17 8:45:42 ÖS GMT+3","18-24","Erkek","4-6","Pop;Hip-hop;Klasik;Halk müziği","Evet","Evet","Evet","Halk müziği","Hip-hop","Klasik","Sıklıkla","Sıklıkla","Sıklıkla","Nadiren","Nadiren","Nadiren","Nadiren","Sıklıkla","Orta","Evet","2","4","5","5"
"2023/11/17 8:51:50 ÖS GMT+3","18-24","Kadın","2-4","Pop","Hayır","Evet","Evet","Rock","Pop","Pop","Sıklıkla","Orta","Nadiren","Sıklıkla","Orta","Orta","Nadiren","Nadiren","Yüksek","Evet","1","0","0","0"
"2023/11/17 8:52:35 ÖS GMT+3","18-24","Kadın","4-6","Pop","Hayır","Evet","Evet","Klasik","Pop","Klasik","Sıklıkla","Nadiren","Nadiren","Orta","Orta","Nadiren","Orta","Nadiren","Orta","Evet","2","0","1","3"
"2023/11/17 8:52:38 ÖS GMT+3","18-24","Kadın","2-4","Pop;Hip-hop;Rock;Blues","Hayır","Evet","Kısmen","Klasik","Rock","Pop","Sıklıkla","Orta","Nadiren","Sıklıkla","Nadiren","Nadiren","Nadiren","Nadiren","Orta","Evet","4","2","2","4"
"2023/11/17 8:57:56 ÖS GMT+3","18-24","Erkek","2-4","Pop;Hip-hop;Elektronik","Hayır","Evet","Evet","Hip-hop","Pop","Hip-hop","Sıklıkla","Sıklıkla","Nadiren","Nadiren","Nadiren","Nadiren","Sıklıkla","Nadiren","Orta","Evet","4","3","2","3"
"2023/11/17 8:58:41 ÖS GMT+3","18-24","Erkek","2-4","Hip-hop;Klasik;Rock;Cazz;Blues;Elektronik","Evet","Evet","Evet","Klasik","Hip-hop","Elektronik","Orta","Sıklıkla","Sıklıkla","Sıklıkla","Orta","Orta","Sıklıkla","Nadiren","Yüksek","Evet","2","5","2","4"
"2023/11/17 9:07:26 ÖS GMT+3","18-24","Kadın","2-4","Pop;Hip-hop;Rock","Evet","Evet","Kısmen","Blues","Pop","Blues","Sıklıkla","Orta","Nadiren","Orta","Nadiren","Orta","Orta","Nadiren","Yüksek","Evet","5","4","3","5"
"2023/11/17 9:11:24 ÖS GMT+3","25-34","Kadın","0-1","Pop;Rock","Hayır","Evet","Evet","Rock","Rock","Rock","Sıklıkla","Orta","Sıklıkla","Sıklıkla","Orta","Orta","Orta","Orta","Yüksek","Evet","4","2","4","5"
"2023/11/17 9:15:14 ÖS GMT+3","18-24","Erkek","2-4","Rock","Hayır","Hayır","Evet","Klasik","Rock","Elektronik","Nadiren","Orta","Nadiren","Sıklıkla","Orta","Nadiren","Nadiren","Nadiren","Yüksek","Evet","2","3","3","2"
"2023/11/17 9:18:35 ÖS GMT+3","18-24","Erkek","2-4","Pop;Hip-hop;Halk müziği","Hayır","Evet","Kısmen","Halk müziği","Hip-hop","Hip-hop","Orta","Sıklıkla","Nadiren","Orta","Nadiren","Nadiren","Nadiren","Orta","Yüksek","Evet","2","1","1","1"
"2023/11/17 9:19:09 ÖS GMT+3","18-24","Erkek","2-4","Hip-hop;Rock;Blues","Hayır","Hayır","Evet","Blues","Hip-hop","Blues","Orta","Orta","Orta","Sıklıkla","Orta","Orta","Nadiren","Nadiren","Yüksek","Evet","2","0","1","1"
"2023/11/17 9:19:33 ÖS GMT+3","18-24","Kadın","4-6","Pop;Klasik;Rock","Hayır","Evet","Evet","Klasik","Pop","Rock","Orta","Orta","Orta","Orta","Nadiren","Nadiren","Orta","Nadiren","Yüksek","Evet","4","2","5","4"
"2023/11/17 9:20:58 ÖS GMT+3","18-24","Kadın","0-1","Pop;Klasik;Halk müziği","Hayır","Hayır","Kısmen","Klasik","Pop","Hip-hop","Nadiren","Nadiren","Orta","Nadiren","Nadiren","Orta","Orta","Sıklıkla","Düşük","Evet","5","5","5","5"
"2023/11/17 9:21:50 ÖS GMT+3","18-24","Kadın","4-6","Pop;Klasik;Rock;Cazz","Hayır","Evet","Kısmen","Klasik","Pop","Klasik","Orta","Nadiren","Orta","Orta","Orta","Nadiren","Nadiren","Nadiren","Orta","Evet","3","2","4","2"
"2023/11/17 9:22:16 ÖS GMT+3","18-24","Kadın","4-6","Pop","Hayır","Evet","Kısmen","Elektronik","Pop","Klasik","Sıklıkla","Nadiren","Orta","Orta","Nadiren","Nadiren","Sıklıkla","Nadiren","Orta","Evet","3","0","0","1"
"2023/11/17 9:22:43 ÖS GMT+3","18-24","Erkek","0-1","Pop;Hip-hop;Klasik;Rock;Halk müziği","Hayır","Evet","Kısmen","Halk müziği","Rock","Hip-hop","Orta","Orta","Orta","Orta","Nadiren","Nadiren","Nadiren","Sıklıkla","Orta","Evet","1","0","1","1"
"2023/11/17 9:27:09 ÖS GMT+3","18-24","Erkek","2-4","Hip-hop;Rock;Elektronik","Hayır","Evet","Evet","Hip-hop","Rock","Pop","Orta","Sıklıkla","Nadiren","Orta","Nadiren","Nadiren","Orta","Nadiren","Yüksek","Evet","2","3","2","4"
"2023/11/17 9:31:26 ÖS GMT+3","18-24","Erkek","2-4","Pop;Klasik","Hayır","Evet","Evet","Klasik","Pop","Pop","Sıklıkla","Nadiren","Sıklıkla","Nadiren","Nadiren","Nadiren","Orta","Orta","Yüksek","Evet","0","1","1","0"
"2023/11/17 9:31:37 ÖS GMT+3","18-24","Kadın","0-1","Pop;Hip-hop;Rock;Elektronik","Evet","Evet","Evet","Pop","Elektronik","Klasik","Sıklıkla","Orta","Orta","Sıklıkla","Nadiren","Nadiren","Orta","Nadiren","Yüksek","Evet","5","2","4","4"
"2023/11/17 9:32:13 ÖS GMT+3","18-24","Erkek","2-4","Pop;Hip-hop;Rock","Evet","Evet","Kısmen","Blues","Rock","Elektronik","Orta","Orta","Orta","Sıklıkla","Orta","Orta","Orta","Orta","Orta","Evet","3","2","0","1"
"2023/11/17 9:33:40 ÖS GMT+3","18-24","Kadın","2-4","Pop;Hip-hop;Rock;Elektronik","Hayır","Evet","Evet","Elektronik","Elektronik","Elektronik","Orta","Orta","Nadiren","Orta","Nadiren","Nadiren","Sıklıkla","Nadiren","Orta","Evet","2","1","0","1"
"2023/11/17 9:35:14 ÖS GMT+3","18-24","Kadın","0-1","Pop;Hip-hop;Klasik;Rock","Hayır","Hayır","Kısmen","Hip-hop","Pop","Hip-hop","Orta","Sıklıkla","Nadiren","Nadiren","Nadiren","Nadiren","Nadiren","Nadiren","Orta","Evet","4","3","4","2"
"2023/11/17 9:36:23 ÖS GMT+3","18-24","Kadın","4-6","Rock;Cazz","Hayır","Evet","Evet","Pop","Rock","Klasik","Orta","Nadiren","Nadiren","Sıklıkla","Orta","Orta","Orta","Nadiren","Yüksek","Evet","4","2","2","0"
"2023/11/17 9:36:29 ÖS GMT+3","18-24","Kadın","2-4","Pop;Rock;Cazz;Blues","Evet","Evet","Evet","Rock","Pop","Rock","Orta","Nadiren","Nadiren","Sıklıkla","Sıklıkla","Sıklıkla","Nadiren","Orta","Orta","Evet","4","3","3","3"
"2023/11/17 9:38:07 ÖS GMT+3","18-24","Erkek","0-1","Pop;Rock;Halk müziği","Hayır","Hayır","Evet","Halk müziği","Pop","Elektronik","Orta","Nadiren","Sıklıkla","Orta","Nadiren","Nadiren","Nadiren","Sıklıkla","Orta","Evet","2","3","3","2"
"2023/11/17 9:38:56 ÖS GMT+3","18-24","Erkek","2-4","Pop;Klasik;Rock;Elektronik","Hayır","Evet","Evet","Rock","Pop","Rock","Orta","Orta","Orta","Sıklıkla","Nadiren","Nadiren","Orta","Nadiren","Orta","Evet","4","3","3","4"
"2023/11/17 9:40:04 ÖS GMT+3","25-34","Kadın","0-1","Pop;Hip-hop;Blues","Hayır","Hayır","Evet","Hip-hop","Hip-hop","Blues","Orta","Sıklıkla","Orta","Nadiren","Sıklıkla","Sıklıkla","Nadiren","Nadiren","Orta","Evet","1","5","4","1"
"2023/11/17 9:42:09 ÖS GMT+3","18-24","Erkek","6 ve üstü","Hip-hop;Rock;Elektronik","Hayır","Evet","Evet","Halk müziği","Hip-hop","Hip-hop","Nadiren","Sıklıkla","Nadiren","Sıklıkla","Orta","Nadiren","Sıklıkla","Orta","Yüksek","Evet","5","5","2","5"
"2023/11/17 9:42:35 ÖS GMT+3","18-24","Kadın","4-6","Pop;Klasik;Rock;Cazz;Elektronik;Halk müziği","Evet","Evet","Kısmen","Rock","Pop","Elektronik","Sıklıkla","Nadiren","Orta","Sıklıkla","Nadiren","Nadiren","Nadiren","Nadiren","Yüksek","Evet","3","0","2","2"
"2023/11/17 9:42:42 ÖS GMT+3","18-24","Erkek","2-4","Hip-hop","Hayır","Hayır","Evet","Hip-hop","Hip-hop","Hip-hop","Nadiren","Sıklıkla","Nadiren","Orta","Nadiren","Nadiren","Nadiren","Nadiren","Yüksek","Evet","2","4","3","4"
"2023/11/17 9:44:09 ÖS GMT+3","18-24","Erkek","4-6","Klasik;Rock","Evet","Hayır","Kısmen","Klasik","Rock","Rock","Nadiren","Nadiren","Orta","Sıklıkla","Nadiren","Nadiren","Nadiren","Nadiren","Yüksek","Evet","3","4","1","1"
"2023/11/17 9:45:40 ÖS GMT+3","18-24","Kadın","2-4","Pop;Klasik;Rock;Halk müziği","Hayır","Hayır","Evet","Pop","Klasik","Rock","Sıklıkla","Nadiren","Sıklıkla","Sıklıkla","Nadiren","Nadiren","Nadiren","Orta","Yüksek","Evet","5","5","4","3"
"2023/11/17 9:47:12 ÖS GMT+3","18-24","Erkek","2-4","Pop;Hip-hop","Hayır","Evet","Hayır","Pop","Hip-hop","Halk müziği","Sıklıkla","Sıklıkla","Nadiren","Orta","Nadiren","Nadiren","Nadiren","Nadiren","Yüksek","Evet","3","2","5","3"
"2023/11/17 9:59:03 ÖS GMT+3","50 üstü","Erkek","0-1","Klasik;Halk müziği","Hayır","Hayır","Kısmen","Halk müziği","Klasik","Halk müziği","Nadiren","Nadiren","Orta","Nadiren","Nadiren","Nadiren","Nadiren","Sıklıkla","Orta","Evet","3","4","2","3"
"2023/11/17 10:10:45 ÖS GMT+3","18-24","Kadın","6 ve üstü","Pop;Hip-hop;Klasik;Rock;Cazz;Blues;Elektronik;Halk müziği","Evet","Evet","Evet","Rock","Rock","Klasik","Orta","Orta","Sıklıkla","Sıklıkla","Orta","Sıklıkla","Orta","Sıklıkla","Yüksek","Evet","4","2","3","1"
"2023/11/17 10:17:40 ÖS GMT+3","18-24","Kadın","2-4","Pop;Elektronik","Evet","Evet","Evet","Elektronik","Elektronik","Elektronik","Orta","Nadiren","Nadiren","Nadiren","Nadiren","Nadiren","Sıklıkla","Nadiren","Yüksek","Evet","2","1","2","1"
"2023/11/17 10:19:15 ÖS GMT+3","18-24","Kadın","4-6","Pop;Klasik;Rock;Halk müziği","Hayır","Hayır","Evet","Pop","Halk müziği","Klasik","Sıklıkla","Nadiren","Orta","Orta","Nadiren","Nadiren","Nadiren","Orta","Yüksek","Evet","3","2","5","4"
"2023/11/17 10:21:48 ÖS GMT+3","18-24","Kadın","6 ve üstü","Pop;Hip-hop;Rock;Elektronik;Halk müziği","Hayır","Evet","Evet","Halk müziği","Pop","Halk müziği","Sıklıkla","Sıklıkla","Nadiren","Orta","Nadiren","Nadiren","Orta","Orta","Yüksek","Evet","1","0","4","5"
"2023/11/17 10:22:02 ÖS GMT+3","18 altı","Kadın","2-4","Pop;Hip-hop;Rock;Blues;Elektronik","Hayır","Evet","Evet","Blues","Pop","Hip-hop","Sıklıkla","Sıklıkla","Orta","Sıklıkla","Orta","Orta","Orta","Nadiren","Orta","Evet","4","3","4","4"
"2023/11/17 10:23:34 ÖS GMT+3","25-34","Kadın","2-4","Pop","Hayır","Hayır","Evet","Pop","Pop","Pop","Sıklıkla","Orta","Nadiren","Orta","Nadiren","Nadiren","Nadiren","Orta","Orta","Evet","1","0","1","1"
"2023/11/17 10:24:14 ÖS GMT+3","25-34","Kadın","2-4","Pop","Hayır","Evet","Evet","Elektronik","Elektronik","Rock","Orta","Nadiren","Nadiren","Orta","Orta","Nadiren","Orta","Nadiren","Orta","Evet","3","3","3","3"
"2023/11/17 10:33:50 ÖS GMT+3","18 altı","Kadın","0-1","Pop;Rock;Elektronik","Hayır","Hayır","Kısmen","Rock","Pop","Cazz","Sıklıkla","Orta","Nadiren","Sıklıkla","Orta","Nadiren","Sıklıkla","Nadiren","Yüksek","Evet","4","3","2","1"
"2023/11/17 10:41:11 ÖS GMT+3","18-24","Erkek","6 ve üstü","Pop;Hip-hop;Klasik;Rock;Cazz;Elektronik","Hayır","Evet","Evet","Hip-hop","Pop","Elektronik","Orta","Sıklıkla","Nadiren","Sıklıkla","Nadiren","Nadiren","Sıklıkla","Nadiren","Yüksek","Evet","1","2","1","2"
"2023/11/17 10:47:22 ÖS GMT+3","18-24","Kadın","2-4","Pop;Rock","Evet","Evet","Kısmen","Rock","Pop","Klasik","Sıklıkla","Nadiren","Nadiren","Sıklıkla","Nadiren","Nadiren","Nadiren","Orta","Yüksek","Evet","4","3","2","5"
"2023/11/17 10:48:40 ÖS GMT+3","18-24","Kadın","6 ve üstü","Rock","Evet","Hayır","Hayır","Rock","Rock","Rock","Nadiren","Nadiren","Nadiren","Sıklıkla","Nadiren","Nadiren","Nadiren","Nadiren","Yüksek","Evet","5","3","2","5"
"2023/11/17 10:53:30 ÖS GMT+3","18-24","Kadın","0-1","Pop;Klasik;Cazz;Halk müziği","Hayır","Hayır","Evet","Cazz","Pop","Klasik","Orta","Nadiren","Orta","Orta","Orta","Nadiren","Nadiren","Orta","Orta","Evet","4","2","3","5"
"2023/11/17 10:53:37 ÖS GMT+3","18-24","Erkek","2-4","Pop;Rock;Cazz","Hayır","Evet","Kısmen","Hip-hop","Hip-hop","Rock","Orta","Sıklıkla","Orta","Sıklıkla","Orta","Sıklıkla","Orta","Orta","Yüksek","Evet","2","3","2","4"
"2023/11/17 11:11:17 ÖS GMT+3","18-24","Kadın","4-6","Pop;Rock;Blues","Hayır","Evet","Evet","Blues","Pop","Rock","Orta","Nadiren","Nadiren","Sıklıkla","Orta","Sıklıkla","Sıklıkla","Nadiren","Yüksek","Evet","5","3","4","5"
"2023/11/17 11:19:33 ÖS GMT+3","18-24","Kadın","2-4","Pop;Hip-hop;Klasik;Rock;Cazz;Blues;Elektronik","Hayır","Hayır","Kısmen","Klasik","Pop","Klasik","Sıklıkla","Nadiren","Sıklıkla","Sıklıkla","Orta","Orta","Orta","Nadiren","Yüksek","Evet","5","3","5","5"
"2023/11/17 11:20:33 ÖS GMT+3","18-24","Erkek","2-4","Hip-hop;Klasik;Rock;Elektronik","Evet","Evet","Kısmen","Hip-hop","Hip-hop","Hip-hop","Nadiren","Sıklıkla","Sıklıkla","Nadiren","Nadiren","Nadiren","Orta","Nadiren","Orta","Evet","0","3","2","3"
"2023/11/17 11:21:23 ÖS GMT+3","18-24","Kadın","6 ve üstü","Pop;Hip-hop;Rock;Blues","Hayır","Evet","Evet","Pop","Hip-hop","Blues","Sıklıkla","Sıklıkla","Nadiren","Sıklıkla","Orta","Orta","Orta","Nadiren","Yüksek","Evet","5","5","5","4"
"2023/11/17 11:25:31 ÖS GMT+3","25-34","Kadın","0-1","Pop;Rock","Hayır","Hayır","Kısmen","Pop","Rock","Rock","Sıklıkla","Nadiren","Nadiren","Sıklıkla","Nadiren","Nadiren","Nadiren","Nadiren","Orta","Evet","1","1","1","1"
"2023/11/17 11:26:59 ÖS GMT+3","18-24","Erkek","0-1","Pop;Rock;Elektronik","Hayır","Evet","Evet","Pop","Rock","Pop","Sıklıkla","Orta","Nadiren","Orta","Nadiren","Nadiren","Orta","Nadiren","Orta","Evet","3","3","4","5"
"2023/11/17 11:37:16 ÖS GMT+3","18-24","Kadın","0-1","Pop;Rock","Hayır","Evet","Kısmen","Rock","Rock","Rock","Orta","Nadiren","Nadiren","Sıklıkla","Nadiren","Orta","Orta","Nadiren","Yüksek","Evet","5","3","5","5"
"2023/11/17 11:42:38 ÖS GMT+3","18-24","Kadın","0-1","Pop;Klasik;Rock","Hayır","Hayır","Evet","Rock","Pop","Klasik","Orta","Nadiren","Sıklıkla","Sıklıkla","Orta","Orta","Orta","Nadiren","Orta","Evet","3","0","4","1"
"2023/11/17 11:48:31 ÖS GMT+3","25-34","Kadın","0-1","Pop;Rock","Hayır","Hayır","Kısmen","Rock","Pop","Rock","Sıklıkla","Nadiren","Nadiren","Sıklıkla","Nadiren","Nadiren","Nadiren","Nadiren","Yüksek","Evet","3","4","3","3"
"2023/11/17 11:53:33 ÖS GMT+3","18-24","Kadın","6 ve üstü","Pop;Hip-hop;Klasik;Rock;Elektronik","Hayır","Evet","Evet","Klasik","Klasik","Klasik","Nadiren","Nadiren","Sıklıkla","Sıklıkla","Nadiren","Nadiren","Nadiren","Nadiren","Orta","Evet","0","5","3","1"
"2023/11/18 12:00:14 ÖÖ GMT+3","18-24","Belirtmek istemiyorum","0-1","Pop;Hip-hop;Klasik;Rock;Cazz;Blues;Halk müziği","Hayır","Evet","Evet","Halk müziği","Pop","Klasik","Orta","Orta","Orta","Orta","Orta","Orta","Orta","Orta","Orta","Evet","2","2","3","1"
"2023/11/18 12:11:38 ÖÖ GMT+3","18-24","Kadın","2-4","Pop;Hip-hop;Rock","Hayır","Evet","Kısmen","Rock","Hip-hop","Rock","Sıklıkla","Sıklıkla","Nadiren","Sıklıkla","Nadiren","Nadiren","Orta","Nadiren","Orta","Evet","5","0","2","4"
"2023/11/18 12:30:21 ÖÖ GMT+3","18-24","Kadın","0-1","Pop;Cazz;Blues","Hayır","Hayır","Evet","Blues","Pop","Blues","Sıklıkla","Nadiren","Orta","Nadiren","Orta","Sıklıkla","Nadiren","Nadiren","Yüksek","Evet","4","4","4","5"
"2023/11/18 12:36:06 ÖÖ GMT+3","18-24","Kadın","0-1","Hip-hop","Hayır","Evet","Evet","Hip-hop","Pop","Blues","Sıklıkla","Sıklıkla","Nadiren","Sıklıkla","Nadiren","Orta","Nadiren","Nadiren","Yüksek","Evet","0","0","1","0"
"2023/11/18 12:48:15 ÖÖ GMT+3","18-24","Kadın","0-1","Pop;Rock;Cazz;Halk müziği","Hayır","Hayır","Hayır","Rock","Pop","Halk müziği","Orta","Nadiren","Nadiren","Orta","Orta","Nadiren","Nadiren","Orta","Orta","Evet","3","2","3","4"
"2023/11/18 12:54:56 ÖÖ GMT+3","18-24","Kadın","2-4","Pop;Rock;Elektronik","Evet","Evet","Evet","Elektronik","Pop","Elektronik","Orta","Nadiren","Nadiren","Orta","Nadiren","Nadiren","Sıklıkla","Nadiren","Yüksek","Evet","5","5","5","5"
"2023/11/18 12:57:44 ÖÖ GMT+3","18-24","Erkek","2-4","Pop;Hip-hop;Klasik;Cazz;Elektronik","Hayır","Evet","Evet","Hip-hop","Pop","Klasik","Sıklıkla","Orta","Orta","Orta","Orta","Nadiren","Nadiren","Nadiren","Yüksek","Evet","0","1","1","2"
"2023/11/18 1:06:34 ÖÖ GMT+3","18-24","Erkek","0-1","Klasik;Rock;Elektronik","Hayır","Evet","Evet","Klasik","Elektronik","Klasik","Nadiren","Orta","Sıklıkla","Orta","Nadiren","Nadiren","Sıklıkla","Orta","Orta","Evet","5","4","5","5"
"2023/11/18 1:16:35 ÖÖ GMT+3","18-24","Erkek","2-4","Pop;Klasik;Rock;Elektronik;Halk müziği","Hayır","Hayır","Kısmen","Pop","Pop","Klasik","Sıklıkla","Nadiren","Orta","Orta","Nadiren","Orta","Sıklıkla","Sıklıkla","Yüksek","Evet","3","4","3","2"
"2023/11/18 2:30:16 ÖÖ GMT+3","18-24","Kadın","2-4","Pop;Hip-hop;Klasik;Rock;Cazz;Blues;Elektronik;Halk müziği","Hayır","Evet","Evet","Klasik","Pop","Pop","Sıklıkla","Sıklıkla","Sıklıkla","Sıklıkla","Orta","Orta","Orta","Nadiren","Orta","Evet","3","1","4","4"
"2023/11/18 2:58:45 ÖÖ GMT+3","18-24","Erkek","0-1","Klasik;Elektronik","Hayır","Hayır","Evet","Klasik","Klasik","Klasik","Nadiren","Nadiren","Sıklıkla","Orta","Nadiren","Nadiren","Orta","Nadiren","Orta","Hayır","0","0","0","0"
"2023/11/18 3:55:18 ÖÖ GMT+3","18-24","Kadın","0-1","Pop;Hip-hop","Hayır","Evet","Kısmen","Pop","Pop","Hip-hop","Sıklıkla","Sıklıkla","Nadiren","Orta","Nadiren","Nadiren","Nadiren","Nadiren","Orta","Evet","3","3","1","3"
"2023/11/18 4:49:53 ÖÖ GMT+3","18 altı","Kadın","0-1","Pop","Evet","Evet","Evet","Klasik","Pop","Klasik","Sıklıkla","Orta","Orta","Orta","Nadiren","Nadiren","Nadiren","Nadiren","Yüksek","Evet","4","3","3","3"
"2023/11/18 5:15:06 ÖÖ GMT+3","18-24","Kadın","2-4","Rock","Hayır","Evet","Evet","Rock","Pop","Rock","Orta","Orta","Nadiren","Sıklıkla","Nadiren","Nadiren","Nadiren","Nadiren","Orta","Evet","3","3","5","5"
"2023/11/18 9:48:31 ÖÖ GMT+3","18-24","Kadın","2-4","Pop;Klasik;Rock;Halk müziği","Hayır","Evet","Kısmen","Halk müziği","Pop","Rock","Sıklıkla","Nadiren","Nadiren","Orta","Nadiren","Nadiren","Nadiren","Sıklıkla","Orta","Evet","4","1","2","3"
"2023/11/18 9:49:32 ÖÖ GMT+3","18-24","Kadın","4-6","Pop;Hip-hop;Klasik;Rock;Blues;Elektronik","Evet","Evet","Evet","Pop","Elektronik","Rock","Sıklıkla","Sıklıkla","Orta","Sıklıkla","Nadiren","Orta","Sıklıkla","Nadiren","Yüksek","Evet","4","3","4","3"
"2023/11/18 10:09:16 ÖÖ GMT+3","18-24","Kadın","6 ve üstü","Pop;Hip-hop;Rock","Evet","Evet","Evet","Blues","Hip-hop","Rock","Orta","Sıklıkla","Nadiren","Sıklıkla","Nadiren","Orta","Nadiren","Nadiren","Orta","Evet","4","2","2","4"
"2023/11/18 10:36:08 ÖÖ GMT+3","18-24","Erkek","2-4","Pop;Klasik;Rock;Halk müziği","Hayır","Evet","Evet","Rock","Pop","Cazz","Orta","Nadiren","Nadiren","Orta","Orta","Nadiren","Orta","Orta","Orta","Evet","2","3","4","5"
"2023/11/18 11:11:18 ÖÖ GMT+3","18-24","Kadın","2-4","Pop;Hip-hop;Rock","Hayır","Evet","Evet","Blues","Pop","Rock","Sıklıkla","Sıklıkla","Nadiren","Orta","Nadiren","Orta","Orta","Nadiren","Orta","Evet","3","1","2","4"
"2023/11/18 11:44:21 ÖÖ GMT+3","25-34","Erkek","0-1","Pop;Hip-hop;Halk müziği","Evet","Hayır","Evet","Halk müziği","Pop","Hip-hop","Orta","Orta","Nadiren","Nadiren","Nadiren","Nadiren","Nadiren","Orta","Orta","Evet","0","2","1","2"
"2023/11/18 12:05:40 ÖS GMT+3","18-24","Kadın","4-6","Pop;Klasik;Cazz","Evet","Evet","Evet","Pop","Pop","Klasik","Sıklıkla","Orta","Sıklıkla","Nadiren","Orta","Nadiren","Nadiren","Nadiren","Yüksek","Evet","3","1","1","4"
"2023/11/18 12:45:59 ÖS GMT+3","18-24","Kadın","6 ve üstü","Pop;Hip-hop;Klasik;Halk müziği","Evet","Evet","Evet","Halk müziği","Pop","Halk müziği","Orta","Orta","Orta","Nadiren","Nadiren","Nadiren","Nadiren","Sıklıkla","Yüksek","Evet","4","4","4","4"
"2023/11/18 1:08:42 ÖS GMT+3","18-24","Kadın","6 ve üstü","Pop;Klasik;Cazz","Hayır","Evet","Hayır","Klasik","Pop","Klasik","Sıklıkla","Orta","Sıklıkla","Orta","Sıklıkla","Nadiren","Nadiren","Orta","Yüksek","Evet","3","4","5","4"
"2023/11/18 1:11:03 ÖS GMT+3","18-24","Kadın","4-6","Pop;Hip-hop;Klasik;Rock;Cazz;Blues;Elektronik;Halk müziği","Evet","Evet","Kısmen","Halk müziği","Rock","Rock","Orta","Orta","Nadiren","Sıklıkla","Sıklıkla","Sıklıkla","Orta","Sıklıkla","Orta","Evet","4","5","3","4"
"2023/11/18 1:11:24 ÖS GMT+3","25-34","Erkek","2-4","Klasik;Blues;Halk müziği","Hayır","Evet","Evet","Klasik","Blues","Klasik","Nadiren","Orta","Sıklıkla","Nadiren","Orta","Orta","Nadiren","Orta","Orta","Evet","1","2","1","1"
"2023/11/18 1:16:15 ÖS GMT+3","18-24","Kadın","0-1","Pop;Klasik","Hayır","Evet","Hayır","Klasik","Pop","Klasik","Orta","Nadiren","Nadiren","Nadiren","Nadiren","Nadiren","Nadiren","Orta","Orta","Evet","3","3","3","3"
"2023/11/18 1:18:26 ÖS GMT+3","18-24","Kadın","2-4","Pop","Hayır","Evet","Hayır","Pop","Rock","Pop","Sıklıkla","Nadiren","Nadiren","Orta","Orta","Orta","Nadiren","Nadiren","Yüksek","Evet","2","2","1","3"
"2023/11/18 1:19:45 ÖS GMT+3","18-24","Erkek","2-4","Rock;Elektronik","Evet","Evet","Evet","Rock","Rock","Hip-hop","Orta","Sıklıkla","Nadiren","Sıklıkla","Orta","Orta","Sıklıkla","Nadiren","Yüksek","Evet","0","2","4","4"
"2023/11/18 1:23:00 ÖS GMT+3","18 altı","Kadın","4-6","Rock;Elektronik","Hayır","Hayır","Kısmen","Rock","Rock","Rock","Orta","Nadiren","Orta","Sıklıkla","Nadiren","Nadiren","Sıklıkla","Nadiren","Yüksek","Evet","4","1","3","3"
"2023/11/18 1:41:34 ÖS GMT+3","18-24","Kadın","6 ve üstü","Pop;Hip-hop","Hayır","Evet","Evet","Pop","Hip-hop","Klasik","Sıklıkla","Sıklıkla","Orta","Orta","Nadiren","Nadiren","Nadiren","Nadiren","Yüksek","Evet","5","5","3","5"
"2023/11/18 1:45:45 ÖS GMT+3","18-24","Kadın","6 ve üstü","Pop;Klasik;Rock;Cazz","Evet","Evet","Kısmen","Pop","Pop","Pop","Sıklıkla","Orta","Sıklıkla","Orta","Sıklıkla","Orta","Orta","Nadiren","Yüksek","Evet","3","1","4","2"
"2023/11/18 2:25:24 ÖS GMT+3","18-24","Erkek","2-4","Pop;Hip-hop;Klasik;Halk müziği","Evet","Hayır","Evet","Halk müziği","Hip-hop","Pop","Sıklıkla","Sıklıkla","Orta","Nadiren","Nadiren","Nadiren","Nadiren","Sıklıkla","Yüksek","Evet","1","2","4","3"
"2023/11/18 2:26:36 ÖS GMT+3","18-24","Kadın","4-6","Pop;Rock;Cazz;Blues","Evet","Evet","Evet","Rock","Pop","Cazz","Orta","Nadiren","Nadiren","Sıklıkla","Orta","Orta","Nadiren","Nadiren","Orta","Evet","4","1","3","3"
"2023/11/18 2:27:54 ÖS GMT+3","18-24","Kadın","2-4","Rock;Cazz;Blues;Elektronik","Evet","Evet","Evet","Rock","Rock","Rock","Nadiren","Orta","Orta","Sıklıkla","Sıklıkla","Sıklıkla","Sıklıkla","Nadiren","Yüksek","Evet","3","2","2","2"
"2023/11/18 2:29:51 ÖS GMT+3","18-24","Kadın","2-4","Pop;Klasik;Rock;Cazz;Blues","Evet","Evet","Evet","Klasik","Pop","Rock","Orta","Nadiren","Orta","Orta","Sıklıkla","Sıklıkla","Nadiren","Nadiren","Orta","Evet","3","2","2","4"
"2023/11/18 2:34:14 ÖS GMT+3","18-24","Kadın","6 ve üstü","Klasik;Rock;Cazz;Blues","Evet","Evet","Evet","Rock","Rock","Rock","Nadiren","Nadiren","Sıklıkla","Sıklıkla","Sıklıkla","Sıklıkla","Nadiren","Nadiren","Orta","Evet","5","5","5","5"
"2023/11/18 2:42:04 ÖS GMT+3","18-24","Erkek","2-4","Pop;Hip-hop;Rock;Elektronik","Hayır","Evet","Evet","Rock","Elektronik","Rock","Orta","Sıklıkla","Nadiren","Sıklıkla","Nadiren","Nadiren","Sıklıkla","Nadiren","Orta","Evet","1","3","1","3"
"2023/11/18 2:43:33 ÖS GMT+3","18-24","Belirtmek istemiyorum","6 ve üstü","Pop;Hip-hop;Klasik;Rock;Cazz;Blues;Elektronik;Halk müziği","Evet","Evet","Evet","Halk müziği","Blues","Klasik","Orta","Orta","Sıklıkla","Sıklıkla","Orta","Sıklıkla","Orta","Orta","Yüksek","Evet","3","0","5","4"
"2023/11/18 2:44:00 ÖS GMT+3","18-24","Kadın","4-6","Hip-hop;Rock;Elektronik","Evet","Evet","Evet","Hip-hop","Hip-hop","Rock","Nadiren","Sıklıkla","Orta","Sıklıkla","Orta","Orta","Orta","Nadiren","Orta","Evet","3","3","2","3"
"2023/11/18 2:46:28 ÖS GMT+3","18-24","Kadın","2-4","Hip-hop;Rock;Blues;Elektronik","Hayır","Evet","Kısmen","Klasik","Pop","Klasik","Orta","Sıklıkla","Orta","Sıklıkla","Orta","Orta","Orta","Nadiren","Yüksek","Evet","3","3","0","4"
"2023/11/18 2:55:56 ÖS GMT+3","18-24","Kadın","2-4","Pop;Hip-hop;Rock;Elektronik","Hayır","Evet","Evet","Elektronik","Rock","Rock","Orta","Orta","Nadiren","Orta","Nadiren","Orta","Sıklıkla","Nadiren","Orta","Evet","3","2","3","4"
"2023/11/18 3:05:04 ÖS GMT+3","18-24","Kadın","2-4","Pop;Rock;Cazz;Blues;Elektronik","Evet","Evet","Hayır","Elektronik","Pop","Rock","Orta","Nadiren","Nadiren","Orta","Orta","Orta","Sıklıkla","Nadiren","Yüksek","Evet","3","1","3","4"
"2023/11/18 3:13:29 ÖS GMT+3","18-24","Erkek","4-6","Pop;Hip-hop;Rock;Elektronik","Hayır","Evet","Evet","Pop","Hip-hop","Hip-hop","Sıklıkla","Sıklıkla","Nadiren","Orta","Nadiren","Nadiren","Orta","Nadiren","Yüksek","Evet","3","2","2","0"
"2023/11/18 3:15:50 ÖS GMT+3","18 altı","Kadın","0-1","Pop;Hip-hop;Cazz;Blues","Evet","Evet","Kısmen","Blues","Pop","Cazz","Sıklıkla","Sıklıkla","Nadiren","Orta","Sıklıkla","Sıklıkla","Nadiren","Nadiren","Orta","Evet","3","4","2","5"
"2023/11/18 3:24:38 ÖS GMT+3","18-24","Erkek","2-4","Hip-hop;Klasik;Halk müziği","Evet","Evet","Evet","Hip-hop","Hip-hop","Hip-hop","Nadiren","Sıklıkla","Orta","Nadiren","Nadiren","Nadiren","Nadiren","Orta","Yüksek","Evet","0","0","0","2"
"2023/11/18 4:13:00 ÖS GMT+3","18-24","Erkek","2-4","Hip-hop;Elektronik","Hayır","Evet","Kısmen","Hip-hop","Hip-hop","Hip-hop","Nadiren","Sıklıkla","Orta","Orta","Orta","Nadiren","Orta","Nadiren","Orta","Evet","4","2","2","1"
"2023/11/18 4:14:33 ÖS GMT+3","18-24","Erkek","0-1","Pop;Rock;Cazz;Blues;Elektronik","Evet","Hayır","Hayır","Blues","Rock","Rock","Orta","Nadiren","Nadiren","Sıklıkla","Sıklıkla","Sıklıkla","Sıklıkla","Nadiren","Orta","Evet","1","3","1","1"
"2023/11/18 4:21:01 ÖS GMT+3","18-24","Kadın","2-4","Klasik;Rock;Blues","Hayır","Evet","Evet","Rock","Rock","Rock","Nadiren","Nadiren","Sıklıkla","Sıklıkla","Orta","Orta","Nadiren","Nadiren","Orta","Evet","3","2","2","3"
"2023/11/18 4:22:33 ÖS GMT+3","18-24","Kadın","0-1","Pop;Klasik;Rock;Blues","Hayır","Evet","Evet","Blues","Pop","Klasik","Sıklıkla","Nadiren","Orta","Sıklıkla","Orta","Sıklıkla","Nadiren","Nadiren","Orta","Evet","4","0","3","4"
"2023/11/18 4:23:05 ÖS GMT+3","18-24","Kadın","0-1","Pop;Klasik;Cazz","Evet","Evet","Evet","Halk müziği","Cazz","Klasik","Sıklıkla","Sıklıkla","Orta","Nadiren","Sıklıkla","Sıklıkla","Orta","Orta","Orta","Evet","1","2","2","3"
"2023/11/18 4:26:49 ÖS GMT+3","18-24","Kadın","0-1","Hip-hop;Klasik;Rock;Cazz;Elektronik","Evet","Evet","Evet","Elektronik","Hip-hop","Hip-hop","Nadiren","Sıklıkla","Sıklıkla","Sıklıkla","Nadiren","Nadiren","Sıklıkla","Nadiren","Yüksek","Evet","4","5","2","5"
"2023/11/18 4:27:48 ÖS GMT+3","18-24","Kadın","2-4","Pop","Hayır","Evet","Evet","Cazz","Pop","Klasik","Sıklıkla","Orta","Orta","Nadiren","Orta","Nadiren","Nadiren","Orta","Orta","Evet","3","4","4","5"
"2023/11/18 4:29:14 ÖS GMT+3","18-24","Kadın","0-1","Pop;Hip-hop;Rock","Hayır","Evet","Kısmen","Hip-hop","Rock","Klasik","Sıklıkla","Sıklıkla","Nadiren","Sıklıkla","Nadiren","Nadiren","Orta","Nadiren","Orta","Evet","2","2","4","1"
"2023/11/18 4:42:57 ÖS GMT+3","18-24","Kadın","0-1","Pop","Evet","Evet","Evet","Halk müziği","Pop","Klasik","Sıklıkla","Orta","Nadiren","Nadiren","Nadiren","Nadiren","Nadiren","Orta","Orta","Evet","3","0","2","3"
"2023/11/18 4:47:52 ÖS GMT+3","18-24","Erkek","2-4","Hip-hop;Rock;Elektronik","Evet","Evet","Evet","Hip-hop","Elektronik","Rock","Nadiren","Sıklıkla","Orta","Sıklıkla","Orta","Nadiren","Sıklıkla","Orta","Yüksek","Evet","0","1","3","0"
"2023/11/18 4:49:08 ÖS GMT+3","18-24","Kadın","2-4","Pop;Klasik","Hayır","Evet","Evet","Klasik","Pop","Klasik","Orta","Nadiren","Orta","Nadiren","Nadiren","Nadiren","Nadiren","Orta","Yüksek","Evet","3","5","4","4"
"2023/11/18 4:53:58 ÖS GMT+3","25-34","Erkek","0-1","Pop;Hip-hop;Rock","Hayır","Evet","Evet","Rock","Hip-hop","Rock","Orta","Orta","Nadiren","Orta","Nadiren","Nadiren","Orta","Nadiren","Yüksek","Evet","1","5","2","4"
"2023/11/18 5:03:17 ÖS GMT+3","18-24","Kadın","0-1","Pop","Hayır","Hayır","Kısmen","Blues","Pop","Halk müziği","Sıklıkla","Orta","Nadiren","Orta","Orta","Orta","Nadiren","Orta","Orta","Evet","3","4","3","3"
"2023/11/18 5:07:19 ÖS GMT+3","18-24","Erkek","2-4","Rock;Cazz;Blues","Evet","Hayır","Evet","Rock","Rock","Rock","Nadiren","Nadiren","Orta","Sıklıkla","Orta","Orta","Nadiren","Orta","Orta","Evet","5","3","4","4"
"2023/11/18 5:13:28 ÖS GMT+3","18-24","Kadın","4-6","Pop;Rock;Elektronik","Hayır","Evet","Evet","Elektronik","Pop","Elektronik","Sıklıkla","Nadiren","Orta","Sıklıkla","Orta","Nadiren","Sıklıkla","Nadiren","Yüksek","Evet","5","2","3","4"
"2023/11/18 5:32:01 ÖS GMT+3","18-24","Kadın","0-1","Pop;Rock","Hayır","Evet","Evet","Pop","Pop","Cazz","Sıklıkla","Orta","Nadiren","Sıklıkla","Nadiren","Nadiren","Nadiren","Nadiren","Orta","Evet","4","3","2","2"
"2023/11/18 5:33:20 ÖS GMT+3","18-24","Erkek","2-4","Pop;Rock","Evet","Evet","Evet","Rock","Pop","Rock","Sıklıkla","Nadiren","Nadiren","Sıklıkla","Nadiren","Nadiren","Orta","Orta","Orta","Evet","3","0","1","3"
"2023/11/18 5:34:37 ÖS GMT+3","18-24","Belirtmek istemiyorum","4-6","Elektronik","Hayır","Hayır","Evet","Halk müziği","Blues","Elektronik","Orta","Orta","Nadiren","Nadiren","Sıklıkla","Orta","Sıklıkla","Sıklıkla","Yüksek","Hayır","4","4","3","4"
"2023/11/18 5:41:19 ÖS GMT+3","18-24","Kadın","2-4","Pop","Hayır","Evet","Evet","Blues","Pop","Blues","Sıklıkla","Sıklıkla","Nadiren","Nadiren","Nadiren","Sıklıkla","Nadiren","Nadiren","Orta","Evet","3","1","1","3"
"2023/11/18 5:50:24 ÖS GMT+3","18-24","Erkek","2-4","Pop;Hip-hop","Hayır","Evet","Kısmen","Klasik","Hip-hop","Klasik","Orta","Sıklıkla","Orta","Nadiren","Nadiren","Nadiren","Nadiren","Nadiren","Yüksek","Evet","3","3","2","4"
"2023/11/18 6:07:32 ÖS GMT+3","18 altı","Kadın","2-4","Pop;Rock;Blues;Elektronik","Hayır","Evet","Kısmen","Blues","Pop","Cazz","Sıklıkla","Orta","Nadiren","Sıklıkla","Orta","Orta","Nadiren","Nadiren","Yüksek","Evet","2","1","1","1"
"2023/11/18 6:09:52 ÖS GMT+3","18-24","Erkek","2-4","Pop;Hip-hop;Klasik;Halk müziği","Hayır","Evet","Kısmen","Halk müziği","Halk müziği","Hip-hop","Sıklıkla","Sıklıkla","Sıklıkla","Nadiren","Nadiren","Nadiren","Nadiren","Sıklıkla","Orta","Evet","1","3","1","2"
"2023/11/18 6:14:40 ÖS GMT+3","18-24","Erkek","0-1","Hip-hop;Elektronik","Hayır","Hayır","Kısmen","Hip-hop","Elektronik","Halk müziği","Nadiren","Orta","Nadiren","Nadiren","Nadiren","Nadiren","Sıklıkla","Nadiren","Düşük","Evet","3","0","2","3"
"2023/11/18 6:17:37 ÖS GMT+3","18-24","Erkek","4-6","Hip-hop;Klasik;Rock;Cazz;Blues;Halk müziği","Evet","Hayır","Hayır","Halk müziği","Halk müziği","Hip-hop","Nadiren","Sıklıkla","Orta","Sıklıkla","Orta","Sıklıkla","Nadiren","Sıklıkla","Yüksek","Evet","2","4","5","0"
"2023/11/18 6:26:05 ÖS GMT+3","18-24","Kadın","2-4","Rock;Elektronik;Halk müziği","Evet","Evet","Evet","Rock","Rock","Klasik","Nadiren","Orta","Orta","Sıklıkla","Nadiren","Nadiren","Orta","Orta","Orta","Evet","3","1","0","3"
"2023/11/18 6:32:05 ÖS GMT+3","18-24","Belirtmek istemiyorum","2-4","Pop;Hip-hop;Rock","Hayır","Evet","Evet","Rock","Pop","Hip-hop","Orta","Nadiren","Nadiren","Sıklıkla","Nadiren","Orta","Nadiren","Orta","Yüksek","Evet","5","3","4","5"
"2023/11/18 6:35:40 ÖS GMT+3","18-24","Kadın","2-4","Pop;Hip-hop","Hayır","Evet","Evet","Pop","Pop","Pop","Sıklıkla","Orta","Orta","Nadiren","Nadiren","Nadiren","Nadiren","Nadiren","Orta","Evet","2","4","4","3"
"2023/11/18 6:38:32 ÖS GMT+3","25-34","Erkek","2-4","Pop;Hip-hop;Klasik;Rock;Elektronik","Evet","Evet","Evet","Hip-hop","Elektronik","Pop","Orta","Sıklıkla","Orta","Orta","Nadiren","Nadiren","Orta","Orta","Yüksek","Evet","2","4","4","3"
"2023/11/18 6:39:05 ÖS GMT+3","18-24","Erkek","0-1","Klasik;Halk müziği","Hayır","Hayır","Evet","Klasik","Hip-hop","Halk müziği","Nadiren","Orta","Sıklıkla","Sıklıkla","Orta","Orta","Nadiren","Sıklıkla","Orta","Evet","5","5","2","3"
"2023/11/18 6:45:42 ÖS GMT+3","18-24","Erkek","2-4","Pop","Hayır","Evet","Evet","Halk müziği","Pop","Pop","Sıklıkla","Sıklıkla","Orta","Orta","Nadiren","Nadiren","Nadiren","Sıklıkla","Yüksek","Evet","0","0","0","0"
"2023/11/18 6:47:42 ÖS GMT+3","18 altı","Erkek","4-6","Pop;Klasik;Cazz;Halk müziği","Evet","Evet","Evet","Klasik","Klasik","Klasik","Sıklıkla","Orta","Orta","Orta","Orta","Orta","Orta","Orta","Yüksek","Evet","3","4","5","5"
"2023/11/18 6:53:25 ÖS GMT+3","18-24","Kadın","0-1","Pop;Hip-hop;Klasik;Rock","Hayır","Evet","Kısmen","Blues","Pop","Klasik","Orta","Sıklıkla","Nadiren","Orta","Nadiren","Nadiren","Orta","Nadiren","Orta","Evet","5","0","1","0"
"2023/11/18 7:02:43 ÖS GMT+3","25-34","Erkek","2-4","Pop;Hip-hop;Rock","Hayır","Evet","Kısmen","Halk müziği","Rock","Halk müziği","Sıklıkla","Sıklıkla","Nadiren","Sıklıkla","Nadiren","Nadiren","Nadiren","Sıklıkla","Yüksek","Evet","4","4","3","4"
"2023/11/18 7:04:09 ÖS GMT+3","18-24","Kadın","0-1","Pop","Hayır","Evet","Evet","Pop","Pop","Pop","Sıklıkla","Orta","Nadiren","Nadiren","Nadiren","Nadiren","Nadiren","Nadiren","Yüksek","Evet","0","0","0","0"
"2023/11/18 7:10:12 ÖS GMT+3","18-24","Erkek","2-4","Pop;Hip-hop;Klasik;Rock","Evet","Evet","Evet","Hip-hop","Pop","Hip-hop","Sıklıkla","Sıklıkla","Orta","Sıklıkla","Nadiren","Nadiren","Nadiren","Orta","Yüksek","Evet","1","1","3","3"
"2023/11/18 7:10:18 ÖS GMT+3","18-24","Erkek","0-1","Klasik","Hayır","Hayır","Evet","Klasik","Pop","Klasik","Orta","Nadiren","Sıklıkla","Nadiren","Orta","Orta","Orta","Sıklıkla","Düşük","Evet","2","1","1","3"
"2023/11/18 7:19:29 ÖS GMT+3","18-24","Erkek","0-1","Halk müziği","Hayır","Hayır","Kısmen","Halk müziği","Halk müziği","Halk müziği","Nadiren","Nadiren","Orta","Nadiren","Nadiren","Nadiren","Nadiren","Sıklıkla","Orta","Hayır","1","5","1","0"
"2023/11/18 7:24:56 ÖS GMT+3","18-24","Kadın","4-6","Pop;Hip-hop;Klasik;Rock;Cazz;Blues;Elektronik;Halk müziği","Hayır","Evet","Evet","Klasik","Pop","Klasik","Sıklıkla","Orta","Sıklıkla","Orta","Sıklıkla","Orta","Nadiren","Orta","Orta","Evet","5","3","3","5"
"2023/11/18 8:20:03 ÖS GMT+3","18-24","Kadın","0-1","Pop;Hip-hop;Klasik;Rock;Cazz;Blues;Elektronik;Halk müziği","Evet","Hayır","Evet","Halk müziği","Pop","Elektronik","Orta","Orta","Sıklıkla","Orta","Orta","Sıklıkla","Sıklıkla","Orta","Yüksek","Evet","4","3","2","4"
"2023/11/18 8:46:54 ÖS GMT+3","35-50","Kadın","0-1","Klasik","Hayır","Hayır","Evet","Klasik","Pop","Klasik","Orta","Nadiren","Sıklıkla","Orta","Nadiren","Nadiren","Orta","Orta","Orta","Evet","2","4","2","4"
"2023/11/18 8:48:48 ÖS GMT+3","35-50","Kadın","2-4","Klasik;Halk müziği","Hayır","Hayır","Hayır","Halk müziği","Klasik","Halk müziği","Nadiren","Nadiren","Orta","Nadiren","Nadiren","Nadiren","Orta","Sıklıkla","Düşük","Hayır","3","2","2","2"
"2023/11/18 9:00:04 ÖS GMT+3","35-50","Kadın","0-1","Halk müziği","Hayır","Hayır","Hayır","Klasik","Klasik","Klasik","Orta","Nadiren","Orta","Nadiren","Nadiren","Nadiren","Nadiren","Nadiren","Orta","Evet","3","3","3","1"
"2023/11/18 9:11:37 ÖS GMT+3","18 altı","Kadın","6 ve üstü","Hip-hop;Cazz;Blues;Elektronik","Evet","Evet","Evet","Klasik","Hip-hop","Klasik","Orta","Orta","Sıklıkla","Nadiren","Orta","Orta","Sıklıkla","Nadiren","Yüksek","Evet","5","4","5","5"
"2023/11/18 9:11:47 ÖS GMT+3","50 üstü","Kadın","0-1","Klasik","Hayır","Hayır","Hayır","Halk müziği","Rock","Blues","Orta","Nadiren","Sıklıkla","Orta","Orta","Orta","Orta","Orta","Orta","Evet","1","0","0","1"
"2023/11/18 9:12:32 ÖS GMT+3","35-50","Kadın","2-4","Pop","Evet","Evet","Evet","Pop","Pop","Pop","Sıklıkla","Orta","Nadiren","Nadiren","Nadiren","Nadiren","Nadiren","Sıklıkla","Yüksek","Evet","2","0","2","2"
"2023/11/18 9:18:43 ÖS GMT+3","35-50","Kadın","0-1","Halk müziği","Hayır","Hayır","Kısmen","Halk müziği","Pop","Halk müziği","Nadiren","Nadiren","Nadiren","Nadiren","Nadiren","Nadiren","Nadiren","Orta","Düşük","Evet","1","2","1","1"
"2023/11/18 9:54:54 ÖS GMT+3","25-34","Kadın","0-1","Pop;Hip-hop;Rock","Hayır","Evet","Evet","Pop","Pop","Pop","Sıklıkla","Orta","Nadiren","Orta","Nadiren","Nadiren","Nadiren","Nadiren","Orta","Evet","3","2","3","3"
"2023/11/18 9:55:08 ÖS GMT+3","18-24","Kadın","6 ve üstü","Pop","Hayır","Evet","Evet","Pop","Pop","Pop","Sıklıkla","Orta","Orta","Nadiren","Nadiren","Nadiren","Nadiren","Nadiren","Orta","Evet","4","3","3","2"
"2023/11/18 9:55:10 ÖS GMT+3","18-24","Kadın","4-6","Pop;Hip-hop;Rock;Elektronik","Hayır","Evet","Evet","Rock","Pop","Rock","Sıklıkla","Sıklıkla","Nadiren","Sıklıkla","Nadiren","Nadiren","Sıklıkla","Nadiren","Yüksek","Evet","4","3","4","5"
"2023/11/18 9:56:04 ÖS GMT+3","18-24","Kadın","0-1","Pop;Rock","Hayır","Evet","Hayır","Pop","Pop","Rock","Sıklıkla","Nadiren","Nadiren","Orta","Nadiren","Nadiren","Nadiren","Nadiren","Düşük","Evet","5","3","3","0"
"2023/11/18 9:59:55 ÖS GMT+3","18 altı","Kadın","2-4","Pop;Hip-hop;Klasik;Rock;Cazz;Blues;Elektronik;Halk müziği","Evet","Evet","Evet","Klasik","Pop","Halk müziği","Sıklıkla","Sıklıkla","Sıklıkla","Sıklıkla","Sıklıkla","Orta","Orta","Sıklıkla","Yüksek","Evet","5","3","5","5"
"2023/11/18 10:01:54 ÖS GMT+3","18-24","Kadın","4-6","Pop;Hip-hop","Hayır","Evet","Evet","Hip-hop","Pop","Hip-hop","Sıklıkla","Sıklıkla","Nadiren","Nadiren","Nadiren","Nadiren","Nadiren","Nadiren","Orta","Evet","1","5","0","1"
"2023/11/18 10:26:47 ÖS GMT+3","50 üstü","Kadın","2-4","Halk müziği","Hayır","Evet","Kısmen","Halk müziği","Pop","Halk müziği","Orta","Nadiren","Nadiren","Nadiren","Nadiren","Nadiren","Nadiren","Sıklıkla","Orta","Evet","3","1","1","1"
"2023/11/18 10:31:55 ÖS GMT+3","35-50","Kadın","0-1","Klasik","Hayır","Evet","Kısmen","Klasik","Halk müziği","Klasik","Orta","Orta","Sıklıkla","Orta","Nadiren","Nadiren","Nadiren","Orta","Orta","Evet","3","3","3","5"
"2023/11/18 10:39:37 ÖS GMT+3","18-24","Kadın","2-4","Pop;Klasik","Hayır","Evet","Evet","Klasik","Hip-hop","Klasik","Orta","Orta","Sıklıkla","Nadiren","Nadiren","Orta","Nadiren","Nadiren","Orta","Evet","4","4","1","5"
"2023/11/18 10:45:30 ÖS GMT+3","25-34","Kadın","2-4","Halk müziği","Hayır","Evet","Hayır","Halk müziği","Pop","Pop","Sıklıkla","Nadiren","Nadiren","Nadiren","Nadiren","Nadiren","Nadiren","Sıklıkla","Orta","Evet","2","0","1","3"
"2023/11/18 10:52:35 ÖS GMT+3","35-50","Erkek","6 ve üstü","Pop;Klasik;Elektronik","Evet","Evet","Evet","Pop","Elektronik","Pop","Sıklıkla","Nadiren","Orta","Nadiren","Nadiren","Nadiren","Orta","Nadiren","Yüksek","Evet","3","0","3","1"
"2023/11/18 10:55:15 ÖS GMT+3","35-50","Kadın","0-1","Pop;Hip-hop;Halk müziği","Hayır","Evet","Evet","Halk müziği","Hip-hop","Pop","Orta","Nadiren","Orta","Nadiren","Nadiren","Nadiren","Orta","Orta","Orta","Evet","5","5","3","4"
"2023/11/18 11:50:37 ÖS GMT+3","35-50","Kadın","0-1","Pop","Hayır","Evet","Evet","Klasik","Pop","Pop","Sıklıkla","Nadiren","Nadiren","Nadiren","Orta","Nadiren","Orta","Sıklıkla","Orta","Evet","2","5","0","5"
"2023/11/19 12:08:21 ÖÖ GMT+3","18-24","Kadın","2-4","Pop;Klasik;Rock","Evet","Evet","Evet","Klasik","Pop","Pop","Sıklıkla","Orta","Sıklıkla","Sıklıkla","Orta","Nadiren","Nadiren","Nadiren","Yüksek","Evet","3","0","0","1"
"2023/11/19 1:05:13 ÖÖ GMT+3","18 altı","Kadın","0-1","Pop;Hip-hop;Klasik;Rock;Cazz;Elektronik","Evet","Evet","Evet","Pop","Rock","Klasik","Sıklıkla","Sıklıkla","Nadiren","Sıklıkla","Orta","Orta","Orta","Nadiren","Düşük","Evet","3","3","2","3"
"2023/11/19 4:15:41 ÖÖ GMT+3","18-24","Kadın","4-6","Pop","Hayır","Evet","Evet","Klasik","Pop","Pop","Sıklıkla","Orta","Nadiren","Nadiren","Nadiren","Nadiren","Nadiren","Nadiren","Yüksek","Evet","0","3","2","2"
"2023/11/19 6:09:40 ÖÖ GMT+3","18-24","Kadın","2-4","Pop;Klasik;Halk müziği","Hayır","Evet","Hayır","Klasik","Pop","Klasik","Orta","Nadiren","Sıklıkla","Orta","Nadiren","Nadiren","Nadiren","Orta","Orta","Evet","3","2","2","3"
"2023/11/19 12:10:46 ÖS GMT+3","18-24","Erkek","6 ve üstü","Hip-hop;Klasik","Evet","Hayır","Kısmen","Pop","Hip-hop","Klasik","Orta","Orta","Orta","Nadiren","Nadiren","Nadiren","Nadiren","Nadiren","Orta","Evet","3","1","0","1"
"2023/11/19 1:12:16 ÖS GMT+3","18-24","Kadın","2-4","Pop","Hayır","Evet","Evet","Pop","Rock","Cazz","Sıklıkla","Orta","Nadiren","Sıklıkla","Nadiren","Sıklıkla","Orta","Nadiren","Yüksek","Evet","5","5","5","5"
"2023/11/19 5:17:27 ÖS GMT+3","18-24","Erkek","0-1","Cazz;Blues;Elektronik","Evet","Hayır","Hayır","Elektronik","Elektronik","Elektronik","Nadiren","Nadiren","Nadiren","Nadiren","Orta","Orta","Sıklıkla","Nadiren","Yüksek","Evet","1","0","0","0"
"2023/11/20 1:21:07 ÖS GMT+3","25-34","Erkek","0-1","Pop;Hip-hop;Klasik;Rock","Evet","Hayır","Evet","Klasik","Hip-hop","Rock","Orta","Sıklıkla","Sıklıkla","Orta","Nadiren","Nadiren","Nadiren","Nadiren","Orta","Evet","2","2","1","5"
"2023/11/20 3:20:02 ÖS GMT+3","35-50","Kadın","2-4","Pop;Rock","Evet","Evet","Evet","Cazz","Pop","Pop","Sıklıkla","Orta","Orta","Nadiren","Sıklıkla","Nadiren","Sıklıkla","Orta","Düşük","Evet","2","2","0","3"
"2023/11/20 3:21:21 ÖS GMT+3","18-24","Belirtmek istemiyorum","0-1","Pop;Hip-hop","Hayır","Evet","Kısmen","Pop","Pop","Hip-hop","Sıklıkla","Orta","Nadiren","Nadiren","Nadiren","Nadiren","Nadiren","Nadiren","Orta","Evet","1","1","2","4"
"2023/11/20 3:22:19 ÖS GMT+3","18-24","Erkek","2-4","Pop;Hip-hop;Rock","Hayır","Evet","Kısmen","Halk müziği","Pop","Hip-hop","Orta","Orta","Nadiren","Orta","Orta","Nadiren","Nadiren","Orta","Orta","Evet","1","1","2","3"
"2023/11/20 3:25:18 ÖS GMT+3","18-24","Erkek","0-1","Pop","Evet","Evet","Evet","Rock","Pop","Elektronik","Sıklıkla","Nadiren","Nadiren","Nadiren","Nadiren","Nadiren","Nadiren","Nadiren","Orta","Evet","0","0","1","1"
"2023/11/20 3:25:22 ÖS GMT+3","18-24","Erkek","6 ve üstü","Rock","Evet","Evet","Kısmen","Rock","Rock","Rock","Nadiren","Nadiren","Nadiren","Sıklıkla","Nadiren","Nadiren","Nadiren","Nadiren","Yüksek","Evet","0","0","0","5"
"2023/11/20 3:29:57 ÖS GMT+3","18-24","Erkek","2-4","Klasik;Rock","Evet","Hayır","Evet","Hip-hop","Hip-hop","Hip-hop","Nadiren","Sıklıkla","Nadiren","Orta","Nadiren","Nadiren","Nadiren","Nadiren","Yüksek","Evet","1","4","5","5"
"2023/11/20 3:31:03 ÖS GMT+3","18-24","Kadın","0-1","Pop;Hip-hop;Rock;Elektronik","Hayır","Evet","Kısmen","Rock","Pop","Pop","Sıklıkla","Sıklıkla","Nadiren","Sıklıkla","Nadiren","Nadiren","Orta","Nadiren","Orta","Evet","5","4","2","3"
"2023/11/20 3:36:14 ÖS GMT+3","18-24","Erkek","6 ve üstü","Halk müziği","Hayır","Hayır","Evet","Halk müziği","Elektronik","Elektronik","Nadiren","Orta","Nadiren","Orta","Nadiren","Nadiren","Sıklıkla","Sıklıkla","Yüksek","Evet","4","4","5","5"
"2023/11/20 3:37:42 ÖS GMT+3","18-24","Erkek","2-4","Klasik;Rock;Elektronik","Evet","Evet","Kısmen","Rock","Rock","Rock","Nadiren","Orta","Sıklıkla","Sıklıkla","Nadiren","Nadiren","Sıklıkla","Nadiren","Orta","Evet","2","3","3","2"
"2023/11/20 3:41:14 ÖS GMT+3","18-24","Kadın","6 ve üstü","Pop;Klasik;Rock;Elektronik","Evet","Evet","Kısmen","Rock","Pop","Blues","Sıklıkla","Orta","Orta","Sıklıkla","Orta","Orta","Sıklıkla","Nadiren","Yüksek","Evet","3","2","1","2"
"2023/11/20 3:43:15 ÖS GMT+3","18-24","Erkek","0-1","Pop;Klasik","Evet","Evet","Evet","Pop","Pop","Pop","Sıklıkla","Nadiren","Nadiren","Nadiren","Nadiren","Nadiren","Nadiren","Nadiren","Orta","Evet","2","2","2","1"
"2023/11/20 3:52:05 ÖS GMT+3","18-24","Erkek","4-6","Hip-hop;Klasik;Rock;Blues;Elektronik","Evet","Evet","Evet","Hip-hop","Elektronik","Klasik","Nadiren","Sıklıkla","Sıklıkla","Orta","Orta","Orta","Sıklıkla","Nadiren","Orta","Evet","4","5","1","3"
"2023/11/20 4:00:04 ÖS GMT+3","18-24","Erkek","6 ve üstü","Klasik;Rock;Cazz;Blues","Evet","Hayır","Evet","Rock","Cazz","Klasik","Nadiren","Nadiren","Sıklıkla","Sıklıkla","Sıklıkla","Sıklıkla","Orta","Orta","Yüksek","Evet","1","2","3","2"
"2023/11/20 4:09:37 ÖS GMT+3","18-24","Kadın","0-1","Pop;Klasik;Rock;Cazz;Blues;Elektronik","Hayır","Hayır","Evet","Klasik","Pop","Klasik","Orta","Orta","Sıklıkla","Sıklıkla","Sıklıkla","Orta","Orta","Orta","Yüksek","Evet","2","2","2","4"
"2023/11/20 5:16:07 ÖS GMT+3","18-24","Erkek","0-1","Pop;Hip-hop;Klasik;Rock;Halk müziği","Hayır","Hayır","Evet","Klasik","Hip-hop","Hip-hop","Orta","Orta","Orta","Nadiren","Nadiren","Nadiren","Nadiren","Orta","Yüksek","Evet","2","3","4","1"
"2023/11/20 5:20:47 ÖS GMT+3","35-50","Kadın","0-1","Pop;Klasik","Hayır","Hayır","Hayır","Klasik","Pop","Pop","Orta","Nadiren","Sıklıkla","Nadiren","Nadiren","Nadiren","Nadiren","Orta","Orta","Evet","0","5","4","4"
"2023/11/20 5:59:55 ÖS GMT+3","25-34","Erkek","6 ve üstü","Rock","Evet","Evet","Hayır","Rock","Rock","Rock","Nadiren","Nadiren","Orta","Sıklıkla","Nadiren","Nadiren","Nadiren","Nadiren","Yüksek","Evet","0","4","1","4"
"2023/11/20 7:31:00 ÖS GMT+3","18-24","Erkek","2-4","Hip-hop;Klasik;Rock","Evet","Evet","Evet","Klasik","Hip-hop","Klasik","Orta","Sıklıkla","Sıklıkla","Orta","Nadiren","Nadiren","Nadiren","Orta","Yüksek","Evet","3","0","4","0"
"2023/11/22 11:12:21 ÖS GMT+3","18-24","Erkek","2-4","Pop;Hip-hop","Evet","Evet","Evet","Hip-hop","Hip-hop","Hip-hop","Orta","Sıklıkla","Nadiren","Nadiren","Nadiren","Nadiren","Nadiren","Nadiren","Yüksek","Evet","3","3","3","1"
"2023/11/22 11:13:05 ÖS GMT+3","18-24","Kadın","2-4","Pop;Rock;Halk müziği","Hayır","Evet","Kısmen","Halk müziği","Pop","Pop","Sıklıkla","Nadiren","Orta","Sıklıkla","Nadiren","Nadiren","Nadiren","Sıklıkla","Orta","Evet","4","2","3","5"
"2023/11/22 11:14:27 ÖS GMT+3","18-24","Erkek","2-4","Hip-hop;Rock","Hayır","Evet","Evet","Hip-hop","Hip-hop","Hip-hop","Nadiren","Sıklıkla","Nadiren","Orta","Orta","Nadiren","Orta","Nadiren","Yüksek","Evet","0","1","0","0"
"2023/11/22 11:26:53 ÖS GMT+3","25-34","Belirtmek istemiyorum","6 ve üstü","Rock;Cazz;Blues;Elektronik;Halk müziği","Evet","Hayır","Evet","Rock","Hip-hop","Cazz","Orta","Nadiren","Sıklıkla","Nadiren","Sıklıkla","Orta","Nadiren","Nadiren","Yüksek","Evet","3","3","0","3"
"2023/11/23 3:27:50 ÖÖ GMT+3","18-24","Kadın","4-6","Klasik;Rock","Evet","Evet","Evet","Rock","Pop","Klasik","Nadiren","Nadiren","Sıklıkla","Sıklıkla","Orta","Orta","Orta","Nadiren","Orta","Evet","4","2","0","5"
"2023/11/23 11:16:14 ÖÖ GMT+3","18-24","Erkek","0-1","Hip-hop;Klasik","Hayır","Evet","Evet","Hip-hop","Blues","Cazz","Orta","Orta","Sıklıkla","Sıklıkla","Sıklıkla","Sıklıkla","Sıklıkla","Sıklıkla","Yüksek","Evet","2","2","3","3"
"2023/11/23 2:45:13 ÖS GMT+3","18-24","Kadın","2-4","Pop","Hayır","Evet","Evet","Rock","Pop","Rock","Sıklıkla","Orta","Orta","Sıklıkla","Nadiren","Nadiren","Orta","Nadiren","Yüksek","Evet","4","2","2","2"
"2023/11/23 8:58:13 ÖS GMT+3","25-34","Erkek","2-4","Pop;Hip-hop;Rock;Halk müziği","Hayır","Evet","Evet","Hip-hop","Hip-hop","Hip-hop","Orta","Orta","Nadiren","Sıklıkla","Nadiren","Nadiren","Nadiren","Nadiren","Yüksek","Evet","5","3","5","5"
"2023/11/26 9:05:46 ÖS GMT+3","18-24","Kadın","0-1","Pop;Hip-hop;Klasik;Rock;Cazz;Elektronik;Halk müziği","Evet","Evet","Evet","Rock","Pop","Halk müziği","Sıklıkla","Sıklıkla","Orta","Orta","Nadiren","Nadiren","Orta","Orta","Orta","Evet","5","4","3","5"
"2023/12/06 4:10:41 ÖS GMT+3","18-24","Kadın","0-1","Hip-hop;Klasik;Rock;Blues;Elektronik","Evet","Hayır","Evet","Hip-hop","Rock","Elektronik","Nadiren","Sıklıkla","Sıklıkla","Sıklıkla","Orta","Sıklıkla","Sıklıkla","Orta","Yüksek","Evet","3","5","4","1"
"2023/12/08 11:32:12 ÖS GMT+3","18-24","Kadın","4-6","Pop;Rock","Hayır","Evet","Hayır","Pop","Pop","Pop","Sıklıkla","Nadiren","Nadiren","Orta","Nadiren","Nadiren","Nadiren","Nadiren","Düşük","Evet","5","0","0","5"
"2023/12/17 12:22:05 ÖÖ GMT+3","18-24","Kadın","2-4","Pop","Hayır","Evet","Kısmen","Pop","Pop","Pop","Sıklıkla","Nadiren","Nadiren","Nadiren","Nadiren","Nadiren","Nadiren","Orta","Orta","Evet","4","3","3","4"
"2023/12/18 11:45:40 ÖS GMT+3","25-34","Erkek","0-1","Klasik;Rock;Cazz;Blues","Evet","Hayır","Evet","Halk müziği","Cazz","Klasik","Nadiren","Nadiren","Orta","Sıklıkla","Sıklıkla","Sıklıkla","Nadiren","Orta","Düşük","Hayır","0","1","1","1"